General : Method name,General : Method saved date,General : Sample File Name,Sample text inputs : Polymer batch,Sample choice input : Sample choice input  1,Sample choice input : Sample choice input  2,Sample notes : Sample Description,Precycling : Cycles,Precycling : Rate,Test : Rate 1
,,,,,,,,(%/s),(%/s)
"C:\Users\Public\Documents\Instron\Bluehill Universal\Output\Warrick\WM Uniaxial Tensile.im_tens","7/14/2020 4:29 PM","C:\Users\Public\Documents\Instron\Bluehill Universal\Output\Warrick\wm 2-104-2_20211118_141249.is_tens","wm 2-104-2","<None>","<None>","","10","5.00","3.00"

Results Table 1
,Sample Type,Specimen ID,Specimen Thickness,Length,Thickness,Width,Modulus (Automatic Young's)
,,,,(mm),(mm),(mm),(MPa)
3,"<None>","3","<None>","10.68","0.95","1.58","5.78"

Time,Displacement,Force
(s),(mm),(mN)
"0.00000","0.00000","-2.9097"
"0.020000","0.00000","-3.4114"
"0.040000","0.000047999","-2.4622"
"0.060000","0.00077420","0.33658"
"0.080000","0.0036496","10.181"
"0.10000","0.0086941","18.795"
"0.12000","0.012152","23.985"
"0.14000","0.017914","41.314"
"0.16000","0.030107","69.440"
"0.18000","0.045697","97.115"
"0.20000","0.060475","120.10"
"0.22000","0.073225","135.05"
"0.24000","0.084494","148.66"
"0.26000","0.095239","161.10"
"0.28000","0.10603","173.53"
"0.30000","0.11718","188.47"
"0.32000","0.12835","200.59"
"0.34000","0.13904","211.84"
"0.36000","0.14963","224.60"
"0.38000","0.16009","234.15"
"0.40000","0.17055","246.32"
"0.42000","0.18135","258.38"
"0.44000","0.19202","268.56"
"0.46000","0.20254","280.17"
"0.48000","0.21330","290.33"
"0.50000","0.22419","301.81"
"0.52000","0.23506","312.84"
"0.54000","0.24576","321.36"
"0.56000","0.25633","332.03"
"0.58000","0.26681","341.56"
"0.60000","0.27753","350.95"
"0.62000","0.28855","362.08"
"0.64000","0.29931","370.59"
"0.66000","0.31010","380.14"
"0.68000","0.32088","389.46"
"0.70000","0.33130","397.19"
"0.72000","0.34186","406.55"
"0.74000","0.35252","415.00"
"0.76000","0.36309","423.37"
"0.78000","0.37379","432.82"
"0.80000","0.38478","441.28"
"0.82000","0.39584","450.19"
"0.84000","0.40658","458.68"
"0.86000","0.41721","465.99"
"0.88000","0.42773","473.43"
"0.90000","0.43815","481.51"
"0.92000","0.44904","489.65"
"0.94000","0.45970","496.99"
"0.96000","0.46983","503.39"
"0.98000","0.48030","511.13"
"1.0000","0.49100","519.50"
"1.0200","0.50168","526.75"
"1.0400","0.51245","534.29"
"1.0600","0.52308","542.25"
"1.0800","0.53370","549.19"
"1.1000","0.54445","557.56"
"1.1200","0.55543","565.37"
"1.1400","0.56616","571.82"
"1.1600","0.57656","579.12"
"1.1800","0.58726","586.31"
"1.2000","0.59806","593.66"
"1.2200","0.60895","601.78"
"1.2400","0.61999","608.35"
"1.2600","0.63059","615.47"
"1.2800","0.64104","622.22"
"1.3000","0.65173","628.91"
"1.3200","0.66255","637.17"
"1.3400","0.67334","643.40"
"1.3600","0.68399","650.54"
"1.3800","0.69468","657.61"
"1.4000","0.70524","663.42"
"1.4200","0.71586","671.20"
"1.4400","0.72665","677.47"
"1.4600","0.73705","683.90"
"1.4800","0.74749","691.22"
"1.5000","0.75819","697.13"
"1.5200","0.76886","705.00"
"1.5400","0.77960","711.57"
"1.5600","0.79017","717.41"
"1.5800","0.80052","724.63"
"1.6000","0.81106","730.78"
"1.6200","0.82187","738.34"
"1.6400","0.83287","746.31"
"1.6600","0.84373","751.95"
"1.6800","0.85446","759.10"
"1.7000","0.86499","765.22"
"1.7200","0.87560","771.64"
"1.7400","0.88653","779.15"
"1.7600","0.89712","785.07"
"1.7800","0.90761","791.89"
"1.8000","0.91839","798.17"
"1.8200","0.92902","804.16"
"1.8400","0.93987","812.29"
"1.8600","0.95090","818.50"
"1.8800","0.96148","824.39"
"1.9000","0.97203","831.65"
"1.9200","0.98296","838.20"
"1.9400","0.99393","844.93"
"1.9600","1.0045","850.94"
"1.9800","1.0150","856.92"
"2.0000","1.0257","863.81"
"2.0200","1.0361","869.51"
"2.0400","1.0469","876.63"
"2.0600","1.0577","882.99"
"2.0800","1.0681","888.42"
"2.0810","1.0686","888.68"
"2.1010","1.0787","892.22"
"2.1210","1.0846","884.75"
"2.1410","1.0839","868.17"
"2.1610","1.0780","851.76"
"2.1810","1.0727","837.08"
"2.2010","1.0656","817.93"
"2.2210","1.0541","794.99"
"2.2410","1.0404","771.64"
"2.2610","1.0270","753.48"
"2.2810","1.0149","737.86"
"2.3010","1.0035","723.79"
"2.3210","0.99253","711.26"
"2.3410","0.98148","696.88"
"2.3610","0.97045","684.11"
"2.3810","0.95946","672.01"
"2.4010","0.94863","659.38"
"2.4210","0.93818","648.28"
"2.4410","0.92733","636.06"
"2.4610","0.91645","624.53"
"2.4810","0.90587","613.45"
"2.5010","0.89519","601.73"
"2.5210","0.88484","591.70"
"2.5410","0.87428","580.41"
"2.5610","0.86343","568.56"
"2.5810","0.85278","558.66"
"2.6010","0.84217","548.18"
"2.6210","0.83155","536.53"
"2.6410","0.82056","525.96"
"2.6610","0.80964","515.16"
"2.6810","0.79925","505.36"
"2.7010","0.78875","495.69"
"2.7210","0.77833","485.13"
"2.7410","0.76756","474.70"
"2.7610","0.75655","464.20"
"2.7810","0.74595","454.09"
"2.8010","0.73521","444.25"
"2.8210","0.72455","434.13"
"2.8410","0.71388","424.17"
"2.8610","0.70306","414.42"
"2.8810","0.69237","403.70"
"2.9010","0.68159","394.65"
"2.9210","0.67091","384.98"
"2.9410","0.66015","373.76"
"2.9610","0.64930","365.14"
"2.9810","0.63875","355.29"
"3.0010","0.62799","345.10"
"3.0210","0.61738","336.48"
"3.0410","0.60691","326.21"
"3.0610","0.59601","317.05"
"3.0810","0.58523","307.25"
"3.1010","0.57456","297.34"
"3.1210","0.56398","288.79"
"3.1410","0.55353","279.03"
"3.1610","0.54286","269.73"
"3.1810","0.53219","260.38"
"3.2010","0.52145","249.98"
"3.2210","0.51081","241.98"
"3.2410","0.50032","232.33"
"3.2610","0.48956","222.38"
"3.2810","0.47902","214.42"
"3.3010","0.46836","204.02"
"3.3210","0.45755","195.13"
"3.3410","0.44713","186.77"
"3.3610","0.43628","175.69"
"3.3810","0.42527","167.13"
"3.4010","0.41449","157.17"
"3.4210","0.40371","147.92"
"3.4410","0.39306","139.77"
"3.4610","0.38234","129.32"
"3.4810","0.37156","120.67"
"3.5010","0.36077","111.61"
"3.5210","0.35011","102.75"
"3.5410","0.33968","94.510"
"3.5610","0.32894","84.444"
"3.5810","0.31828","75.525"
"3.6010","0.30781","67.198"
"3.6210","0.29693","57.062"
"3.6410","0.28619","48.275"
"3.6610","0.27540","38.835"
"3.6810","0.26445","29.451"
"3.7010","0.25394","21.697"
"3.7210","0.24366","13.346"
"3.7410","0.23339","4.6271"
"3.7610","0.22275","-4.6265"
"3.7810","0.21185","-13.848"
"3.8010","0.20110","-23.300"
"3.8210","0.19028","-32.329"
"3.8410","0.17984","-40.652"
"3.8610","0.16934","-49.828"
"3.8810","0.15845","-58.725"
"3.9010","0.14789","-67.965"
"3.9210","0.13728","-76.554"
"3.9410","0.12660","-85.608"
"3.9610","0.11585","-95.901"
"3.9810","0.10477","-104.33"
"4.0010","0.093872","-113.59"
"4.0210","0.083168","-122.37"
"4.0410","0.072675","-129.63"
"4.0610","0.062135","-139.46"
"4.0810","0.051162","-148.77"
"4.1010","0.040616","-156.72"
"4.1210","0.030146","-166.16"
"4.1410","0.019475","-174.42"
"4.1610","0.0089856","-183.40"
"4.1780","-0.00015235","-191.50"
"4.1790","-0.00069647","-191.91"
"4.1990","-0.011231","-196.72"
"4.2190","-0.017110","-189.45"
"4.2390","-0.016223","-168.49"
"4.2590","-0.010471","-147.95"
"4.2790","-0.0055922","-133.64"
"4.2990","0.0011308","-110.27"
"4.3190","0.013045","-81.250"
"4.3390","0.027206","-54.591"
"4.3590","0.040544","-32.188"
"4.3790","0.052615","-14.788"
"4.3990","0.064175","2.4241"
"4.4190","0.075476","17.609"
"4.4390","0.086342","31.682"
"4.4590","0.097125","46.608"
"4.4790","0.10794","59.817"
"4.4990","0.11901","74.353"
"4.5190","0.13005","87.948"
"4.5390","0.14061","99.915"
"4.5590","0.15114","113.19"
"4.5790","0.16162","124.31"
"4.5990","0.17216","136.92"
"4.6190","0.18293","149.85"
"4.6390","0.19354","160.35"
"4.6590","0.20403","172.80"
"4.6790","0.21474","184.68"
"4.6990","0.22566","196.30"
"4.7190","0.23662","208.15"
"4.7390","0.24730","218.17"
"4.7590","0.25775","229.10"
"4.7790","0.26821","239.81"
"4.7990","0.27907","251.00"
"4.8190","0.29020","262.83"
"4.8390","0.30090","272.51"
"4.8590","0.31159","282.78"
"4.8790","0.32232","293.09"
"4.8990","0.33286","302.41"
"4.9190","0.34353","312.90"
"4.9390","0.35418","322.53"
"4.9590","0.36472","332.33"
"4.9790","0.37549","342.55"
"4.9990","0.38653","352.95"
"5.0190","0.39758","363.00"
"5.0390","0.40831","372.25"
"5.0590","0.41893","381.03"
"5.0790","0.42947","390.37"
"5.0990","0.43998","399.95"
"5.1190","0.45079","408.62"
"5.1390","0.46126","417.08"
"5.1590","0.47145","425.85"
"5.1790","0.48204","434.89"
"5.1990","0.49273","444.06"
"5.2190","0.50341","453.00"
"5.2390","0.51415","462.09"
"5.2590","0.52481","471.07"
"5.2790","0.53552","479.28"
"5.2990","0.54634","489.14"
"5.3190","0.55726","497.88"
"5.3390","0.56790","505.87"
"5.3590","0.57840","514.72"
"5.3790","0.58914","522.91"
"5.3990","0.59985","531.68"
"5.4190","0.61076","540.63"
"5.4390","0.62172","548.64"
"5.4590","0.63228","557.15"
"5.4790","0.64280","564.58"
"5.4990","0.65354","573.24"
"5.5190","0.66436","582.12"
"5.5390","0.67512","589.42"
"5.5590","0.68578","597.67"
"5.5790","0.69646","605.85"
"5.5990","0.70700","612.73"
"5.6190","0.71768","621.49"
"5.6390","0.72840","629.03"
"5.6590","0.73867","635.75"
"5.6790","0.74908","644.39"
"5.6990","0.75982","651.89"
"5.7190","0.77060","660.31"
"5.7390","0.78143","668.18"
"5.7590","0.79196","674.66"
"5.7790","0.80224","683.08"
"5.7990","0.81279","690.30"
"5.8190","0.82371","698.17"
"5.8390","0.83471","707.21"
"5.8590","0.84548","713.96"
"5.8790","0.85617","721.67"
"5.8990","0.86672","729.37"
"5.9190","0.87739","736.45"
"5.9390","0.88837","745.28"
"5.9590","0.89889","751.33"
"5.9790","0.90936","757.67"
"5.9990","0.92011","767.10"
"6.0190","0.93078","772.56"
"6.0390","0.94170","781.00"
"6.0590","0.95266","788.90"
"6.0790","0.96323","794.66"
"6.0990","0.97383","803.29"
"6.1190","0.98475","810.05"
"6.1390","0.99566","817.20"
"6.1590","1.0063","824.86"
"6.1790","1.0169","830.66"
"6.1990","1.0274","838.09"
"6.2190","1.0378","844.99"
"6.2390","1.0486","851.46"
"6.2590","1.0595","859.23"
"6.2760","1.0683","864.00"
"6.2770","1.0688","864.29"
"6.2970","1.0788","867.31"
"6.3170","1.0847","861.87"
"6.3370","1.0840","844.85"
"6.3570","1.0782","828.23"
"6.3770","1.0729","814.48"
"6.3970","1.0658","795.02"
"6.4170","1.0543","772.90"
"6.4370","1.0407","749.80"
"6.4570","1.0272","731.20"
"6.4770","1.0151","716.32"
"6.4970","1.0037","701.58"
"6.5170","0.99282","688.71"
"6.5370","0.98170","675.88"
"6.5570","0.97058","662.36"
"6.5770","0.95959","650.38"
"6.5970","0.94876","638.38"
"6.6170","0.93830","626.55"
"6.6370","0.92745","614.80"
"6.6570","0.91660","602.62"
"6.6770","0.90600","591.88"
"6.6970","0.89530","581.54"
"6.7170","0.88499","570.22"
"6.7370","0.87445","559.45"
"6.7570","0.86356","548.36"
"6.7770","0.85289","537.24"
"6.7970","0.84227","527.18"
"6.8170","0.83167","515.76"
"6.8370","0.82071","504.76"
"6.8570","0.80980","494.95"
"6.8770","0.79938","484.00"
"6.8970","0.78886","475.23"
"6.9170","0.77847","464.90"
"6.9370","0.76772","453.16"
"6.9570","0.75671","444.37"
"6.9770","0.74609","433.50"
"6.9970","0.73535","423.44"
"7.0170","0.72470","414.34"
"7.0370","0.71403","403.35"
"7.0570","0.70317","393.74"
"7.0770","0.69251","383.94"
"7.0970","0.68177","373.95"
"7.1170","0.67113","364.99"
"7.1370","0.66035","354.14"
"7.1570","0.64944","344.92"
"7.1770","0.63891","335.68"
"7.1970","0.62820","325.28"
"7.2170","0.61757","316.53"
"7.2370","0.60704","306.99"
"7.2570","0.59611","296.37"
"7.2770","0.58537","287.22"
"7.2970","0.57473","278.33"
"7.3170","0.56415","268.98"
"7.3370","0.55371","259.88"
"7.3570","0.54306","250.31"
"7.3770","0.53234","241.13"
"7.3970","0.52159","231.54"
"7.4170","0.51103","222.49"
"7.4370","0.50053","213.22"
"7.4570","0.48973","203.69"
"7.4770","0.47917","194.87"
"7.4970","0.46847","185.03"
"7.5170","0.45773","176.08"
"7.5370","0.44730","167.52"
"7.5570","0.43638","157.03"
"7.5770","0.42542","147.95"
"7.5970","0.41470","139.12"
"7.6170","0.40393","129.66"
"7.6370","0.39327","120.82"
"7.6570","0.38248","111.28"
"7.6770","0.37163","101.89"
"7.6970","0.36082","93.136"
"7.7170","0.35022","84.318"
"7.7370","0.33991","76.190"
"7.7570","0.32918","66.747"
"7.7770","0.31845","57.664"
"7.7970","0.30799","49.799"
"7.8170","0.29715","39.686"
"7.8370","0.28639","30.786"
"7.8570","0.27559","21.757"
"7.8770","0.26469","12.439"
"7.8970","0.25415","4.1648"
"7.9170","0.24381","-3.7588"
"7.9370","0.23357","-12.028"
"7.9570","0.22295","-21.638"
"7.9770","0.21201","-30.957"
"7.9970","0.20123","-39.927"
"8.0170","0.19041","-48.735"
"8.0370","0.18002","-56.802"
"8.0570","0.16953","-65.704"
"8.0770","0.15865","-74.501"
"8.0970","0.14810","-83.562"
"8.1170","0.13744","-92.169"
"8.1370","0.12677","-100.54"
"8.1570","0.11602","-110.21"
"8.1770","0.10490","-119.53"
"8.1970","0.094013","-128.63"
"8.2170","0.083319","-137.13"
"8.2370","0.072811","-145.00"
"8.2570","0.062268","-154.18"
"8.2770","0.051347","-163.09"
"8.2970","0.040833","-170.85"
"8.3170","0.030351","-179.61"
"8.3370","0.019616","-188.15"
"8.3570","0.0090856","-196.84"
"8.3740","-0.000064264","-204.81"
"8.3750","-0.00060841","-205.22"
"8.3950","-0.011102","-210.44"
"8.4150","-0.016924","-202.47"
"8.4350","-0.016040","-181.81"
"8.4550","-0.010102","-160.94"
"8.4750","-0.0050498","-145.28"
"8.4950","0.0014189","-123.18"
"8.5150","0.013059","-94.999"
"8.5350","0.027186","-66.571"
"8.5550","0.040609","-44.657"
"8.5750","0.052726","-27.576"
"8.5950","0.064291","-10.502"
"8.6150","0.075534","4.4707"
"8.6350","0.086393","18.760"
"8.6550","0.097256","33.318"
"8.6750","0.10807","46.837"
"8.6950","0.11909","61.836"
"8.7150","0.13015","75.331"
"8.7350","0.14073","86.246"
"8.7550","0.15121","99.696"
"8.7750","0.16168","111.37"
"8.7950","0.17224","123.29"
"8.8150","0.18302","136.52"
"8.8350","0.19362","147.01"
"8.8550","0.20411","159.28"
"8.8750","0.21483","170.83"
"8.8950","0.22576","182.31"
"8.9150","0.23673","194.82"
"8.9350","0.24740","204.83"
"8.9550","0.25782","215.06"
"8.9750","0.26833","226.31"
"8.9950","0.27924","237.22"
"9.0150","0.29034","248.71"
"9.0350","0.30107","258.86"
"9.0550","0.31182","268.91"
"9.0750","0.32249","279.38"
"9.0950","0.33294","288.80"
"9.1150","0.34367","298.97"
"9.1350","0.35433","308.92"
"9.1550","0.36481","318.23"
"9.1750","0.37551","328.49"
"9.1950","0.38655","339.42"
"9.2150","0.39767","349.29"
"9.2350","0.40847","358.17"
"9.2550","0.41910","367.75"
"9.2750","0.42960","376.71"
"9.2950","0.44007","385.48"
"9.3150","0.45087","395.35"
"9.3350","0.46136","403.42"
"9.3550","0.47158","412.04"
"9.3750","0.48217","421.43"
"9.3950","0.49283","430.60"
"9.4150","0.50353","439.86"
"9.4350","0.51425","447.79"
"9.4550","0.52488","457.51"
"9.4750","0.53560","466.57"
"9.4950","0.54643","475.03"
"9.5150","0.55737","484.47"
"9.5350","0.56800","492.11"
"9.5550","0.57844","501.09"
"9.5750","0.58922","510.05"
"9.5950","0.60001","517.81"
"9.6150","0.61087","527.75"
"9.6350","0.62180","535.57"
"9.6550","0.63236","543.15"
"9.6750","0.64290","552.13"
"9.6950","0.65366","559.78"
"9.7150","0.66447","568.96"
"9.7350","0.67527","577.06"
"9.7550","0.68594","584.62"
"9.7750","0.69655","593.57"
"9.7950","0.70707","600.17"
"9.8150","0.71775","608.80"
"9.8350","0.72844","616.74"
"9.8550","0.73873","622.99"
"9.8750","0.74924","632.13"
"9.8950","0.76007","640.14"
"9.9150","0.77079","647.43"
"9.9350","0.78148","655.96"
"9.9550","0.79199","662.67"
"9.9750","0.80231","670.06"
"9.9950","0.81285","678.44"
"10.015","0.82379","686.37"
"10.035","0.83482","694.96"
"10.055","0.84557","702.50"
"10.075","0.85629","709.68"
"10.095","0.86692","718.19"
"10.115","0.87758","725.15"
"10.135","0.88848","732.62"
"10.155","0.89898","740.39"
"10.175","0.90941","746.88"
"10.195","0.92018","754.66"
"10.215","0.93088","762.58"
"10.235","0.94179","770.10"
"10.255","0.95276","778.01"
"10.275","0.96338","784.69"
"10.295","0.97396","791.78"
"10.315","0.98481","800.19"
"10.335","0.99580","806.79"
"10.355","1.0064","814.31"
"10.375","1.0169","821.37"
"10.395","1.0275","827.60"
"10.415","1.0379","835.16"
"10.435","1.0488","842.42"
"10.455","1.0597","849.01"
"10.472","1.0684","854.78"
"10.473","1.0689","855.08"
"10.493","1.0789","857.53"
"10.513","1.0847","851.77"
"10.533","1.0841","836.20"
"10.553","1.0783","818.68"
"10.573","1.0730","805.56"
"10.593","1.0659","786.24"
"10.613","1.0545","763.46"
"10.633","1.0408","741.16"
"10.653","1.0273","721.57"
"10.673","1.0152","706.92"
"10.693","1.0039","693.17"
"10.713","0.99299","679.87"
"10.733","0.98192","667.33"
"10.753","0.97074","653.02"
"10.773","0.95973","641.08"
"10.793","0.94893","630.09"
"10.813","0.93844","617.06"
"10.833","0.92756","606.11"
"10.853","0.91673","594.87"
"10.873","0.90616","582.82"
"10.893","0.89547","572.90"
"10.913","0.88516","561.48"
"10.933","0.87461","550.86"
"10.953","0.86377","539.97"
"10.973","0.85309","527.84"
"10.993","0.84237","518.58"
"11.013","0.83174","507.51"
"11.033","0.82086","495.88"
"11.053","0.80997","486.70"
"11.073","0.79950","475.69"
"11.093","0.78898","466.48"
"11.113","0.77862","457.07"
"11.133","0.76788","445.16"
"11.153","0.75686","436.12"
"11.173","0.74625","425.49"
"11.193","0.73554","415.28"
"11.213","0.72488","406.16"
"11.233","0.71417","395.08"
"11.253","0.70331","385.67"
"11.273","0.69263","376.18"
"11.293","0.68191","365.63"
"11.313","0.67127","356.73"
"11.333","0.66048","346.13"
"11.353","0.64957","336.81"
"11.373","0.63907","327.76"
"11.393","0.62839","317.58"
"11.413","0.61775","308.86"
"11.433","0.60719","298.81"
"11.453","0.59621","288.14"
"11.473","0.58548","279.78"
"11.493","0.57490","270.18"
"11.513","0.56429","260.61"
"11.533","0.55384","251.94"
"11.553","0.54319","242.31"
"11.573","0.53249","233.02"
"11.593","0.52175","223.59"
"11.613","0.51116","214.81"
"11.633","0.50068","205.95"
"11.653","0.48994","195.90"
"11.673","0.47930","186.75"
"11.693","0.46857","177.94"
"11.713","0.45785","168.49"
"11.733","0.44744","159.91"
"11.753","0.43654","149.69"
"11.773","0.42559","140.22"
"11.793","0.41486","131.69"
"11.813","0.40411","122.02"
"11.833","0.39344","113.41"
"11.853","0.38263","104.57"
"11.873","0.37177","94.452"
"11.893","0.36099","86.254"
"11.913","0.35039","77.238"
"11.933","0.34006","68.456"
"11.953","0.32933","59.789"
"11.973","0.31862","50.533"
"11.993","0.30817","42.374"
"12.013","0.29730","33.059"
"12.033","0.28651","23.267"
"12.053","0.27573","15.050"
"12.073","0.26489","5.7074"
"12.093","0.25435","-2.9871"
"12.113","0.24391","-10.139"
"12.133","0.23359","-19.361"
"12.153","0.22303","-28.527"
"12.173","0.21217","-36.931"
"12.193","0.20138","-46.983"
"12.213","0.19054","-55.399"
"12.233","0.18014","-63.364"
"12.253","0.16971","-72.494"
"12.273","0.15888","-80.771"
"12.293","0.14831","-90.244"
"12.313","0.13762","-98.351"
"12.333","0.12691","-106.88"
"12.353","0.11612","-117.20"
"12.373","0.10501","-125.68"
"12.393","0.094125","-134.62"
"12.413","0.083442","-143.29"
"12.433","0.072989","-150.59"
"12.453","0.062471","-159.89"
"12.473","0.051484","-168.48"
"12.493","0.040983","-176.76"
"12.513","0.030547","-185.81"
"12.533","0.019788","-193.85"
"12.553","0.0092199","-202.77"
"12.571","-0.00047409","-211.09"
"12.572","-0.0010187","-211.56"
"12.592","-0.011538","-216.16"
"12.612","-0.017378","-208.77"
"12.632","-0.016489","-188.35"
"12.652","-0.010545","-166.52"
"12.672","-0.0055021","-151.75"
"12.692","0.00097499","-129.26"
"12.712","0.012656","-100.35"
"12.732","0.026806","-73.159"
"12.752","0.040253","-50.357"
"12.772","0.052365","-33.631"
"12.792","0.063867","-16.790"
"12.812","0.075124","-1.1172"
"12.832","0.085987","11.780"
"12.852","0.096784","27.275"
"12.872","0.10761","41.135"
"12.892","0.11867","54.940"
"12.912","0.12972","69.166"
"12.932","0.14034","80.466"
"12.952","0.15090","93.581"
"12.972","0.16136","105.36"
"12.992","0.17183","116.53"
"13.012","0.18257","130.35"
"13.032","0.19314","140.59"
"13.052","0.20366","151.75"
"13.072","0.21442","164.84"
"13.092","0.22534","175.96"
"13.112","0.23627","187.71"
"13.132","0.24688","198.40"
"13.152","0.25739","208.31"
"13.172","0.26798","220.10"
"13.192","0.27891","230.90"
"13.212","0.28996","241.75"
"13.232","0.30066","252.44"
"13.252","0.31138","261.93"
"13.272","0.32207","272.20"
"13.292","0.33256","281.67"
"13.312","0.34318","291.93"
"13.332","0.35381","302.40"
"13.352","0.36435","311.33"
"13.372","0.37506","321.57"
"13.392","0.38612","332.49"
"13.412","0.39724","342.07"
"13.432","0.40804","351.65"
"13.452","0.41868","360.84"
"13.472","0.42920","369.55"
"13.492","0.43964","378.73"
"13.512","0.45044","388.12"
"13.532","0.46096","396.80"
"13.552","0.47115","405.49"
"13.572","0.48171","414.56"
"13.592","0.49243","423.45"
"13.612","0.50317","432.60"
"13.632","0.51386","441.63"
"13.652","0.52447","450.39"
"13.672","0.53519","458.98"
"13.692","0.54600","468.34"
"13.712","0.55689","477.24"
"13.732","0.56754","485.48"
"13.752","0.57802","493.58"
"13.772","0.58881","502.78"
"13.792","0.59960","511.48"
"13.812","0.61049","519.75"
"13.832","0.62142","528.83"
"13.852","0.63198","536.56"
"13.872","0.64248","544.96"
"13.892","0.65322","553.40"
"13.912","0.66407","561.40"
"13.932","0.67481","570.09"
"13.952","0.68544","577.70"
"13.972","0.69613","585.67"
"13.992","0.70666","593.66"
"14.012","0.71729","601.39"
"14.032","0.72803","609.57"
"14.052","0.73839","616.80"
"14.072","0.74892","624.79"
"14.092","0.75968","633.19"
"14.112","0.77035","640.47"
"14.132","0.78106","648.86"
"14.152","0.79161","656.05"
"14.172","0.80189","662.68"
"14.192","0.81235","671.55"
"14.212","0.82327","679.82"
"14.232","0.83436","688.02"
"14.252","0.84519","696.08"
"14.272","0.85591","702.99"
"14.292","0.86649","710.81"
"14.312","0.87718","718.60"
"14.332","0.88809","726.64"
"14.352","0.89856","733.52"
"14.372","0.90899","740.35"
"14.392","0.91976","748.04"
"14.412","0.93044","756.10"
"14.432","0.94134","764.04"
"14.452","0.95232","771.10"
"14.472","0.96295","778.63"
"14.492","0.97353","785.46"
"14.512","0.98440","793.02"
"14.532","0.99533","800.97"
"14.552","1.0060","807.86"
"14.572","1.0165","814.78"
"14.592","1.0271","821.59"
"14.612","1.0375","828.63"
"14.632","1.0484","836.46"
"14.652","1.0593","843.17"
"14.670","1.0685","848.62"
"14.671","1.0690","848.93"
"14.691","1.0790","852.75"
"14.711","1.0849","846.59"
"14.731","1.0843","830.16"
"14.751","1.0783","813.02"
"14.771","1.0728","799.59"
"14.791","1.0659","781.15"
"14.811","1.0547","758.41"
"14.831","1.0412","735.49"
"14.851","1.0276","716.76"
"14.871","1.0154","701.52"
"14.891","1.0041","687.86"
"14.911","0.99318","674.78"
"14.931","0.98209","661.44"
"14.951","0.97093","648.49"
"14.971","0.95994","636.04"
"14.991","0.94912","624.34"
"15.011","0.93864","612.70"
"15.031","0.92780","600.81"
"15.051","0.91693","589.32"
"15.071","0.90635","577.50"
"15.091","0.89568","567.82"
"15.111","0.88534","557.33"
"15.131","0.87481","545.05"
"15.151","0.86399","534.98"
"15.171","0.85329","523.68"
"15.191","0.84256","513.21"
"15.211","0.83193","502.61"
"15.231","0.82101","491.03"
"15.251","0.81010","481.80"
"15.271","0.79967","470.86"
"15.291","0.78919","461.35"
"15.311","0.77887","452.41"
"15.331","0.76815","440.59"
"15.351","0.75707","430.66"
"15.371","0.74638","420.55"
"15.391","0.73568","410.24"
"15.411","0.72507","401.58"
"15.431","0.71440","390.63"
"15.451","0.70353","380.88"
"15.471","0.69286","371.54"
"15.491","0.68212","360.98"
"15.511","0.67145","351.99"
"15.531","0.66065","341.59"
"15.551","0.64979","332.15"
"15.571","0.63930","323.08"
"15.591","0.62860","312.49"
"15.611","0.61793","303.67"
"15.631","0.60740","294.33"
"15.651","0.59645","283.92"
"15.671","0.58564","275.14"
"15.691","0.57503","265.24"
"15.711","0.56450","256.61"
"15.731","0.55406","247.70"
"15.751","0.54336","237.39"
"15.771","0.53267","228.54"
"15.791","0.52197","219.48"
"15.811","0.51137","210.46"
"15.831","0.50090","201.59"
"15.851","0.49012","191.84"
"15.871","0.47949","182.82"
"15.891","0.46880","173.15"
"15.911","0.45803","164.15"
"15.931","0.44757","155.37"
"15.951","0.43669","145.54"
"15.971","0.42579","136.08"
"15.991","0.41518","127.34"
"16.011","0.40442","118.70"
"16.031","0.39366","108.33"
"16.051","0.38278","99.909"
"16.071","0.37196","90.737"
"16.091","0.36117","80.841"
"16.111","0.35056","73.719"
"16.131","0.34027","64.376"
"16.151","0.32957","55.230"
"16.171","0.31884","47.300"
"16.191","0.30837","37.424"
"16.211","0.29751","28.890"
"16.231","0.28668","19.410"
"16.251","0.27586","10.147"
"16.271","0.26507","2.2861"
"16.291","0.25463","-7.1469"
"16.311","0.24416","-14.756"
"16.331","0.23376","-22.652"
"16.351","0.22316","-33.043"
"16.371","0.21227","-41.132"
"16.391","0.20155","-50.432"
"16.411","0.19076","-59.795"
"16.431","0.18034","-66.646"
"16.451","0.16989","-76.347"
"16.471","0.15909","-84.791"
"16.491","0.14854","-92.680"
"16.511","0.13784","-102.54"
"16.531","0.12707","-111.05"
"16.551","0.11630","-120.27"
"16.571","0.10523","-129.74"
"16.591","0.094341","-138.06"
"16.611","0.083643","-147.52"
"16.631","0.073183","-153.99"
"16.651","0.062672","-162.90"
"16.671","0.051703","-172.98"
"16.691","0.041180","-179.85"
"16.711","0.030747","-188.58"
"16.731","0.020048","-197.44"
"16.751","0.0094374","-205.78"
"16.769","-0.00034760","-214.70"
"16.770","-0.00089520","-215.18"
"16.790","-0.011403","-219.79"
"16.810","-0.017199","-211.65"
"16.830","-0.016297","-191.52"
"16.850","-0.010349","-169.76"
"16.870","-0.0053012","-154.29"
"16.890","0.0011688","-132.99"
"16.910","0.012823","-103.26"
"16.930","0.027043","-76.196"
"16.950","0.040523","-53.962"
"16.970","0.052590","-36.271"
"16.990","0.064084","-20.536"
"17.010","0.075334","-4.6653"
"17.030","0.086152","9.2955"
"17.050","0.096908","23.047"
"17.070","0.10772","37.619"
"17.090","0.11884","51.528"
"17.110","0.12992","65.606"
"17.130","0.14053","77.887"
"17.150","0.15109","89.430"
"17.170","0.16159","102.18"
"17.190","0.17207","113.49"
"17.210","0.18273","125.44"
"17.230","0.19329","137.32"
"17.250","0.20387","148.55"
"17.270","0.21460","160.83"
"17.290","0.22541","172.15"
"17.310","0.23632","183.33"
"17.330","0.24704","195.18"
"17.350","0.25757","204.68"
"17.370","0.26819","215.81"
"17.390","0.27912","227.71"
"17.410","0.29019","237.73"
"17.430","0.30090","248.36"
"17.450","0.31163","258.24"
"17.470","0.32230","268.25"
"17.490","0.33272","278.26"
"17.510","0.34337","287.95"
"17.530","0.35404","298.25"
"17.550","0.36455","307.75"
"17.570","0.37527","317.62"
"17.590","0.38633","328.64"
"17.610","0.39743","338.03"
"17.630","0.40825","347.61"
"17.650","0.41891","356.92"
"17.670","0.42938","364.96"
"17.690","0.43979","374.86"
"17.710","0.45057","384.17"
"17.730","0.46106","392.37"
"17.750","0.47131","401.37"
"17.770","0.48192","410.01"
"17.790","0.49259","419.43"
"17.810","0.50335","428.72"
"17.830","0.51413","437.10"
"17.850","0.52472","446.41"
"17.870","0.53537","454.96"
"17.890","0.54614","463.90"
"17.910","0.55703","473.41"
"17.930","0.56769","480.97"
"17.950","0.57821","490.12"
"17.970","0.58898","498.98"
"17.990","0.59974","506.64"
"18.010","0.61069","516.77"
"18.030","0.62167","525.00"
"18.050","0.63218","532.12"
"18.070","0.64264","540.63"
"18.090","0.65337","548.83"
"18.110","0.66421","557.57"
"18.130","0.67496","565.54"
"18.150","0.68557","573.12"
"18.170","0.69627","582.08"
"18.190","0.70690","589.61"
"18.210","0.71757","597.25"
"18.230","0.72825","605.70"
"18.250","0.73860","612.73"
"18.270","0.74907","620.41"
"18.290","0.75980","629.11"
"18.310","0.77053","636.36"
"18.330","0.78123","644.84"
"18.350","0.79172","652.22"
"18.370","0.80213","658.97"
"18.390","0.81269","667.93"
"18.410","0.82350","675.73"
"18.430","0.83448","683.59"
"18.450","0.84532","692.23"
"18.470","0.85607","698.86"
"18.490","0.86665","706.98"
"18.510","0.87735","714.87"
"18.530","0.88830","721.94"
"18.550","0.89878","729.84"
"18.570","0.90921","736.34"
"18.590","0.91999","744.10"
"18.610","0.93063","752.18"
"18.630","0.94148","759.17"
"18.650","0.95248","767.96"
"18.670","0.96314","774.52"
"18.690","0.97372","781.06"
"18.710","0.98457","789.97"
"18.730","0.99553","796.68"
"18.750","1.0061","803.83"
"18.770","1.0167","810.85"
"18.790","1.0273","817.48"
"18.810","1.0377","825.53"
"18.830","1.0486","832.12"
"18.850","1.0594","838.96"
"18.867","1.0681","845.06"
"18.868","1.0686","845.41"
"18.888","1.0787","848.20"
"18.908","1.0845","842.46"
"18.928","1.0839","826.47"
"18.948","1.0782","809.26"
"18.968","1.0729","796.19"
"18.988","1.0659","776.80"
"19.008","1.0543","753.71"
"19.028","1.0407","731.68"
"19.048","1.0272","712.73"
"19.068","1.0150","697.73"
"19.088","1.0037","684.13"
"19.108","0.99285","670.68"
"19.128","0.98180","657.83"
"19.148","0.97062","644.66"
"19.168","0.95960","631.67"
"19.188","0.94880","620.77"
"19.208","0.93831","608.63"
"19.228","0.92743","596.39"
"19.248","0.91656","585.90"
"19.268","0.90597","573.91"
"19.288","0.89529","563.54"
"19.308","0.88497","553.23"
"19.328","0.87448","541.33"
"19.348","0.86368","531.27"
"19.368","0.85297","519.86"
"19.388","0.84221","508.99"
"19.408","0.83156","499.15"
"19.428","0.82063","487.35"
"19.448","0.80979","477.77"
"19.468","0.79945","467.80"
"19.488","0.78898","457.93"
"19.508","0.77858","448.62"
"19.528","0.76781","437.04"
"19.548","0.75672","426.78"
"19.568","0.74602","417.40"
"19.588","0.73529","406.66"
"19.608","0.72470","397.32"
"19.628","0.71406","387.36"
"19.648","0.70324","377.36"
"19.668","0.69257","367.71"
"19.688","0.68177","357.58"
"19.708","0.67109","348.14"
"19.728","0.66030","337.98"
"19.748","0.64944","328.51"
"19.768","0.63893","319.28"
"19.788","0.62818","309.54"
"19.808","0.61757","300.47"
"19.828","0.60707","290.95"
"19.848","0.59612","280.76"
"19.868","0.58531","271.08"
"19.888","0.57466","262.16"
"19.908","0.56417","252.99"
"19.928","0.55374","243.89"
"19.948","0.54301","234.71"
"19.968","0.53235","224.97"
"19.988","0.52169","216.32"
"20.008","0.51109","207.18"
"20.028","0.50055","197.68"
"20.048","0.48972","188.58"
"20.068","0.47913","179.10"
"20.088","0.46846","169.88"
"20.108","0.45768","161.12"
"20.128","0.44722","151.76"
"20.148","0.43635","142.20"
"20.168","0.42546","132.89"
"20.188","0.41480","124.22"
"20.208","0.40408","115.30"
"20.228","0.39335","105.10"
"20.248","0.38248","96.486"
"20.268","0.37163","87.539"
"20.288","0.36085","77.570"
"20.308","0.35023","70.362"
"20.328","0.33993","61.573"
"20.348","0.32927","52.044"
"20.368","0.31854","44.029"
"20.388","0.30804","34.567"
"20.408","0.29721","25.757"
"20.428","0.28640","16.452"
"20.448","0.27552","6.7877"
"20.468","0.26465","-1.2976"
"20.488","0.25420","-10.051"
"20.508","0.24382","-17.817"
"20.528","0.23352","-25.711"
"20.548","0.22292","-35.794"
"20.568","0.21197","-44.260"
"20.588","0.20118","-53.502"
"20.608","0.19038","-62.418"
"20.628","0.17999","-69.485"
"20.648","0.16955","-78.879"
"20.668","0.15874","-87.552"
"20.688","0.14824","-95.985"
"20.708","0.13756","-105.09"
"20.728","0.12676","-113.50"
"20.748","0.11596","-123.32"
"20.768","0.10492","-132.28"
"20.788","0.094042","-141.23"
"20.808","0.083310","-149.82"
"20.828","0.072854","-157.10"
"20.848","0.062302","-166.78"
"20.868","0.051339","-175.08"
"20.888","0.040863","-182.75"
"20.908","0.030397","-191.68"
"20.928","0.019692","-199.97"
"20.948","0.0091293","-208.58"
"20.965","-0.000079501","-216.55"
"20.966","-0.00062773","-217.02"
"20.986","-0.011199","-222.02"
"21.006","-0.017054","-214.06"
"21.026","-0.016182","-193.53"
"21.046","-0.010282","-172.40"
"21.066","-0.0052877","-157.29"
"21.086","0.0011536","-135.18"
"21.106","0.012880","-105.87"
"21.126","0.027092","-78.727"
"21.146","0.040533","-56.119"
"21.166","0.052616","-38.761"
"21.186","0.064137","-22.773"
"21.206","0.075403","-7.1635"
"21.226","0.086247","6.8790"
"21.246","0.096981","20.655"
"21.266","0.10779","35.480"
"21.286","0.11892","49.160"
"21.306","0.13000","62.665"
"21.326","0.14059","75.044"
"21.346","0.15114","86.837"
"21.366","0.16162","99.164"
"21.386","0.17211","110.85"
"21.406","0.18279","123.17"
"21.426","0.19336","134.85"
"21.446","0.20389","145.47"
"21.466","0.21460","157.77"
"21.486","0.22549","169.82"
"21.506","0.23647","180.93"
"21.526","0.24717","191.98"
"21.546","0.25770","201.94"
"21.566","0.26831","212.97"
"21.586","0.27918","224.99"
"21.606","0.29019","234.98"
"21.626","0.30102","245.83"
"21.646","0.31182","256.53"
"21.666","0.32238","265.12"
"21.686","0.33277","275.57"
"21.706","0.34351","285.21"
"21.726","0.35417","295.20"
"21.746","0.36461","305.01"
"21.766","0.37531","314.49"
"21.786","0.38642","326.05"
"21.806","0.39751","335.68"
"21.826","0.40830","344.76"
"21.846","0.41897","354.42"
"21.866","0.42941","362.13"
"21.886","0.43982","371.74"
"21.906","0.45063","381.39"
"21.926","0.46117","389.24"
"21.946","0.47138","398.54"
"21.966","0.48195","407.59"
"21.986","0.49272","416.61"
"22.006","0.50350","426.12"
"22.026","0.51421","434.43"
"22.046","0.52476","443.29"
"22.066","0.53537","452.16"
"22.086","0.54613","460.81"
"22.106","0.55709","470.56"
"22.126","0.56780","478.48"
"22.146","0.57830","486.84"
"22.166","0.58905","495.95"
"22.186","0.59980","504.31"
"22.206","0.61073","513.46"
"22.226","0.62177","522.21"
"22.246","0.63234","528.95"
"22.266","0.64276","537.45"
"22.286","0.65338","546.13"
"22.306","0.66415","553.85"
"22.326","0.67490","562.84"
"22.346","0.68558","570.87"
"22.366","0.69636","578.71"
"22.386","0.70703","586.89"
"22.406","0.71774","594.67"
"22.426","0.72842","602.67"
"22.446","0.73870","609.79"
"22.466","0.74910","617.21"
"22.486","0.75979","626.09"
"22.506","0.77054","633.89"
"22.526","0.78130","641.42"
"22.546","0.79189","649.76"
"22.566","0.80228","656.42"
"22.586","0.81279","664.44"
"22.606","0.82361","673.26"
"22.626","0.83458","680.37"
"22.646","0.84533","688.98"
"22.666","0.85605","696.14"
"22.686","0.86671","703.73"
"22.706","0.87746","712.12"
"22.726","0.88843","719.02"
"22.746","0.89891","726.33"
"22.766","0.90930","733.56"
"22.786","0.92005","740.66"
"22.806","0.93073","749.26"
"22.826","0.94162","757.00"
"22.846","0.95259","764.29"
"22.866","0.96320","771.73"
"22.886","0.97381","778.60"
"22.906","0.98470","786.96"
"22.926","0.99559","794.19"
"22.946","1.0061","800.42"
"22.966","1.0167","808.44"
"22.986","1.0273","815.07"
"23.006","1.0377","821.80"
"23.026","1.0486","829.95"
"23.046","1.0594","836.73"
"23.063","1.0682","842.19"
"23.064","1.0687","842.52"
"23.084","1.0788","845.95"
"23.104","1.0847","839.73"
"23.124","1.0841","824.00"
"23.144","1.0782","806.44"
"23.164","1.0727","792.57"
"23.184","1.0658","775.02"
"23.204","1.0546","751.81"
"23.224","1.0409","729.02"
"23.244","1.0275","710.63"
"23.264","1.0153","694.66"
"23.284","1.0040","681.40"
"23.304","0.99313","668.85"
"23.324","0.98210","654.91"
"23.344","0.97099","642.67"
"23.364","0.95998","629.74"
"23.384","0.94905","617.55"
"23.404","0.93848","606.19"
"23.424","0.92757","593.72"
"23.444","0.91665","582.89"
"23.464","0.90604","571.42"
"23.484","0.89544","560.53"
"23.504","0.88524","551.16"
"23.524","0.87472","539.26"
"23.544","0.86382","528.05"
"23.564","0.85310","517.78"
"23.584","0.84237","506.42"
"23.604","0.83176","496.42"
"23.624","0.82086","484.98"
"23.644","0.81001","474.97"
"23.664","0.79969","465.76"
"23.684","0.78927","455.26"
"23.704","0.77882","445.44"
"23.724","0.76800","434.81"
"23.744","0.75694","424.26"
"23.764","0.74623","414.48"
"23.784","0.73546","404.16"
"23.804","0.72486","395.18"
"23.824","0.71425","385.01"
"23.844","0.70344","374.67"
"23.864","0.69270","365.06"
"23.884","0.68190","355.37"
"23.904","0.67128","345.58"
"23.924","0.66052","335.33"
"23.944","0.64965","325.93"
"23.964","0.63912","316.69"
"23.984","0.62839","306.63"
"24.004","0.61776","297.77"
"24.024","0.60724","288.20"
"24.044","0.59631","277.89"
"24.064","0.58557","268.84"
"24.084","0.57495","259.55"
"24.104","0.56438","250.49"
"24.124","0.55395","241.48"
"24.144","0.54324","232.10"
"24.164","0.53250","222.51"
"24.184","0.52181","213.49"
"24.204","0.51124","204.67"
"24.224","0.50074","195.15"
"24.244","0.48991","185.67"
"24.264","0.47935","177.17"
"24.284","0.46868","167.52"
"24.304","0.45784","158.66"
"24.324","0.44744","149.81"
"24.344","0.43664","140.11"
"24.364","0.42572","130.95"
"24.384","0.41504","121.51"
"24.404","0.40425","112.50"
"24.424","0.39349","103.51"
"24.444","0.38264","94.050"
"24.464","0.37186","85.190"
"24.484","0.36111","75.815"
"24.504","0.35046","67.691"
"24.524","0.34008","59.111"
"24.544","0.32935","49.459"
"24.564","0.31865","41.525"
"24.584","0.30823","32.751"
"24.604","0.29741","23.117"
"24.624","0.28660","14.552"
"24.644","0.27572","4.7220"
"24.664","0.26480","-4.2855"
"24.684","0.25431","-11.753"
"24.704","0.24396","-20.005"
"24.724","0.23370","-28.055"
"24.744","0.22312","-37.684"
"24.764","0.21222","-46.519"
"24.784","0.20147","-55.608"
"24.804","0.19065","-64.414"
"24.824","0.18019","-71.807"
"24.844","0.16973","-80.928"
"24.864","0.15891","-89.876"
"24.884","0.14839","-97.988"
"24.904","0.13774","-107.00"
"24.924","0.12700","-115.98"
"24.944","0.11616","-125.59"
"24.964","0.10510","-134.51"
"24.984","0.094328","-142.87"
"25.004","0.083601","-151.57"
"25.024","0.073053","-159.42"
"25.044","0.062495","-167.91"
"25.064","0.051539","-177.20"
"25.084","0.041026","-184.79"
"25.104","0.030554","-193.33"
"25.124","0.019886","-201.79"
"25.144","0.0093346","-210.19"
"25.162","-0.00043846","-219.16"
"25.163","-0.00098655","-219.64"
"25.183","-0.011540","-224.67"
"25.203","-0.017423","-215.94"
"25.223","-0.016601","-196.06"
"25.243","-0.010756","-174.75"
"25.263","-0.0058133","-159.30"
"25.283","0.00055457","-138.43"
"25.303","0.012229","-108.45"
"25.323","0.026502","-80.582"
"25.343","0.039958","-58.874"
"25.363","0.052036","-40.791"
"25.383","0.063592","-25.055"
"25.403","0.074909","-9.6937"
"25.423","0.085749","5.0090"
"25.443","0.096532","18.109"
"25.463","0.10735","33.035"
"25.483","0.11834","46.822"
"25.503","0.12941","60.130"
"25.523","0.14009","73.453"
"25.543","0.15062","84.463"
"25.563","0.16110","96.446"
"25.583","0.17159","108.89"
"25.603","0.18231","120.47"
"25.623","0.19297","132.46"
"25.643","0.20351","143.95"
"25.663","0.21420","155.39"
"25.683","0.22504","167.50"
"25.703","0.23595","178.31"
"25.723","0.24667","189.48"
"25.743","0.25723","200.35"
"25.763","0.26779","210.30"
"25.783","0.27866","222.34"
"25.803","0.28976","233.17"
"25.823","0.30055","243.27"
"25.843","0.31127","253.71"
"25.863","0.32190","262.84"
"25.883","0.33236","273.23"
"25.903","0.34307","283.41"
"25.923","0.35373","292.39"
"25.943","0.36419","302.41"
"25.963","0.37486","312.44"
"25.983","0.38590","322.80"
"26.003","0.39698","333.04"
"26.023","0.40780","342.20"
"26.043","0.41844","351.84"
"26.063","0.42892","360.19"
"26.083","0.43932","368.98"
"26.103","0.45011","378.83"
"26.123","0.46062","386.92"
"26.143","0.47082","395.67"
"26.163","0.48141","405.19"
"26.183","0.49214","413.73"
"26.203","0.50296","423.54"
"26.223","0.51374","432.27"
"26.243","0.52435","440.51"
"26.263","0.53497","449.58"
"26.283","0.54571","458.76"
"26.303","0.55663","467.88"
"26.323","0.56734","475.88"
"26.343","0.57784","484.18"
"26.363","0.58861","493.41"
"26.383","0.59939","501.86"
"26.403","0.61023","510.14"
"26.423","0.62118","519.48"
"26.443","0.63179","527.16"
"26.463","0.64225","534.66"
"26.483","0.65288","543.55"
"26.503","0.66367","551.82"
"26.523","0.67449","559.91"
"26.543","0.68522","568.54"
"26.563","0.69595","576.09"
"26.583","0.70655","584.35"
"26.603","0.71726","593.06"
"26.623","0.72804","599.74"
"26.643","0.73830","607.34"
"26.663","0.74860","615.10"
"26.683","0.75928","622.66"
"26.703","0.76999","631.66"
"26.723","0.78081","638.80"
"26.743","0.79145","646.83"
"26.763","0.80183","654.10"
"26.783","0.81232","661.41"
"26.803","0.82313","670.62"
"26.823","0.83408","678.01"
"26.843","0.84484","686.13"
"26.863","0.85559","693.93"
"26.883","0.86621","700.88"
"26.903","0.87687","709.33"
"26.923","0.88786","717.04"
"26.943","0.89842","723.89"
"26.963","0.90886","731.32"
"26.983","0.91960","738.69"
"27.003","0.93024","746.55"
"27.023","0.94110","753.98"
"27.043","0.95206","761.86"
"27.063","0.96274","769.54"
"27.083","0.97339","776.16"
"27.103","0.98427","784.28"
"27.123","0.99511","791.67"
"27.143","1.0056","797.98"
"27.163","1.0161","805.75"
"27.183","1.0268","812.12"
"27.203","1.0372","819.61"
"27.223","1.0481","827.38"
"27.243","1.0590","833.82"
"27.261","1.0683","839.90"
"27.262","1.0688","840.27"
"27.282","1.0789","844.09"
"27.302","1.0848","837.59"
"27.322","1.0842","821.62"
"27.342","1.0783","804.28"
"27.362","1.0728","790.54"
"27.382","1.0659","772.32"
"27.402","1.0547","749.40"
"27.422","1.0410","727.05"
"27.442","1.0275","708.70"
"27.462","1.0155","692.82"
"27.482","1.0041","679.55"
"27.502","0.99322","666.32"
"27.522","0.98221","652.66"
"27.542","0.97116","640.46"
"27.562","0.96016","627.60"
"27.582","0.94917","615.73"
"27.602","0.93853","604.13"
"27.622","0.92761","591.80"
"27.642","0.91671","580.44"
"27.662","0.90612","569.12"
"27.682","0.89551","558.62"
"27.702","0.88528","548.88"
"27.722","0.87481","537.19"
"27.742","0.86393","526.59"
"27.762","0.85320","515.67"
"27.782","0.84251","504.29"
"27.802","0.83192","494.49"
"27.822","0.82101","483.17"
"27.842","0.81008","472.86"
"27.862","0.79974","463.64"
"27.882","0.78932","453.53"
"27.902","0.77894","444.11"
"27.922","0.76812","432.50"
"27.942","0.75701","421.85"
"27.962","0.74634","413.07"
"27.982","0.73561","402.24"
"28.002","0.72500","392.60"
"28.022","0.71437","382.80"
"28.042","0.70352","372.51"
"28.062","0.69277","363.26"
"28.082","0.68197","353.03"
"28.102","0.67134","343.30"
"28.122","0.66060","334.58"
"28.142","0.64978","323.83"
"28.162","0.63930","314.82"
"28.182","0.62853","305.36"
"28.202","0.61781","295.20"
"28.222","0.60727","286.68"
"28.242","0.59633","276.18"
"28.262","0.58563","267.05"
"28.282","0.57509","258.47"
"28.302","0.56452","248.34"
"28.322","0.55406","239.87"
"28.342","0.54336","230.54"
"28.362","0.53264","220.44"
"28.382","0.52186","211.64"
"28.402","0.51125","202.67"
"28.422","0.50079","193.21"
"28.442","0.49002","184.70"
"28.462","0.47943","174.96"
"28.482","0.46877","165.71"
"28.502","0.45802","157.21"
"28.522","0.44757","147.90"
"28.542","0.43670","138.47"
"28.562","0.42582","129.18"
"28.582","0.41520","120.10"
"28.602","0.40439","111.19"
"28.622","0.39358","101.36"
"28.642","0.38271","91.949"
"28.662","0.37193","83.586"
"28.682","0.36121","74.235"
"28.702","0.35057","66.064"
"28.722","0.34021","57.669"
"28.742","0.32948","48.080"
"28.762","0.31875","40.028"
"28.782","0.30828","30.827"
"28.802","0.29746","21.528"
"28.822","0.28668","13.145"
"28.842","0.27587","3.2386"
"28.862","0.26497","-5.1658"
"28.882","0.25441","-13.540"
"28.902","0.24402","-21.770"
"28.922","0.23376","-29.551"
"28.942","0.22320","-39.217"
"28.962","0.21230","-48.205"
"28.982","0.20155","-57.255"
"29.002","0.19072","-65.959"
"29.022","0.18030","-73.089"
"29.042","0.16986","-82.544"
"29.062","0.15902","-91.532"
"29.082","0.14847","-99.636"
"29.102","0.13782","-108.85"
"29.122","0.12707","-117.36"
"29.142","0.11629","-126.56"
"29.162","0.10523","-135.83"
"29.182","0.094383","-144.54"
"29.202","0.083677","-153.16"
"29.222","0.073157","-160.68"
"29.242","0.062581","-169.58"
"29.262","0.051636","-178.90"
"29.282","0.041157","-185.79"
"29.302","0.030694","-194.73"
"29.322","0.019960","-203.48"
"29.342","0.0094206","-211.56"
"29.360","-0.00029926","-219.71"
"29.361","-0.00084580","-220.18"
"29.381","-0.011403","-225.45"
"29.401","-0.017323","-217.53"
"29.421","-0.016528","-197.44"
"29.441","-0.010709","-176.17"
"29.461","-0.0058017","-160.93"
"29.481","0.00052501","-139.44"
"29.501","0.012224","-109.99"
"29.521","0.026512","-82.012"
"29.541","0.040000","-60.026"
"29.561","0.052102","-42.931"
"29.581","0.063653","-26.332"
"29.601","0.074940","-11.004"
"29.621","0.085780","3.2326"
"29.641","0.096528","17.042"
"29.661","0.10732","30.992"
"29.681","0.11839","45.666"
"29.701","0.12949","59.053"
"29.721","0.14013","71.011"
"29.741","0.15067","83.600"
"29.761","0.16115","95.263"
"29.781","0.17171","107.49"
"29.801","0.18248","119.48"
"29.821","0.19304","130.43"
"29.841","0.20349","142.29"
"29.861","0.21417","153.85"
"29.881","0.22507","165.48"
"29.901","0.23602","176.95"
"29.921","0.24666","187.84"
"29.941","0.25719","197.99"
"29.961","0.26776","208.77"
"29.981","0.27868","220.92"
"30.001","0.28981","231.19"
"30.021","0.30059","241.67"
"30.041","0.31133","252.08"
"30.061","0.32201","261.54"
"30.081","0.33247","271.49"
"30.101","0.34310","280.89"
"30.121","0.35376","291.55"
"30.141","0.36428","300.86"
"30.161","0.37494","310.28"
"30.181","0.38594","321.47"
"30.201","0.39705","331.22"
"30.221","0.40781","340.36"
"30.241","0.41842","349.99"
"30.261","0.42897","357.92"
"30.281","0.43941","367.71"
"30.301","0.45014","377.01"
"30.321","0.46065","384.96"
"30.341","0.47090","394.04"
"30.361","0.48147","402.86"
"30.381","0.49219","412.02"
"30.401","0.50300","421.74"
"30.421","0.51378","430.33"
"30.441","0.52439","439.32"
"30.461","0.53500","447.92"
"30.481","0.54573","456.89"
"30.501","0.55666","465.83"
"30.521","0.56738","474.17"
"30.541","0.57792","483.17"
"30.561","0.58870","491.19"
"30.581","0.59941","499.60"
"30.601","0.61024","508.94"
"30.621","0.62121","517.56"
"30.641","0.63176","524.88"
"30.661","0.64223","533.07"
"30.681","0.65298","542.03"
"30.701","0.66381","549.81"
"30.721","0.67456","557.82"
"30.741","0.68525","566.75"
"30.761","0.69596","574.32"
"30.781","0.70653","581.95"
"30.801","0.71729","590.90"
"30.821","0.72809","598.41"
"30.841","0.73836","605.47"
"30.861","0.74868","613.18"
"30.881","0.75935","620.89"
"30.901","0.77007","629.68"
"30.921","0.78085","637.11"
"30.941","0.79144","644.87"
"30.961","0.80188","652.43"
"30.981","0.81241","659.99"
"31.001","0.82322","668.42"
"31.021","0.83415","676.02"
"31.041","0.84485","684.03"
"31.061","0.85558","691.85"
"31.081","0.86626","699.06"
"31.101","0.87699","707.57"
"31.121","0.88792","715.11"
"31.141","0.89845","721.78"
"31.161","0.90893","729.60"
"31.181","0.91966","736.52"
"31.201","0.93026","744.33"
"31.221","0.94110","752.79"
"31.241","0.95214","759.99"
"31.261","0.96286","767.62"
"31.281","0.97349","774.65"
"31.301","0.98428","782.34"
"31.321","0.99511","789.71"
"31.341","1.0056","796.12"
"31.361","1.0162","803.70"
"31.381","1.0268","810.55"
"31.401","1.0372","817.25"
"31.421","1.0481","825.49"
"31.441","1.0590","832.28"
"31.459","1.0683","837.81"
"31.460","1.0689","838.13"
"31.480","1.0789","842.27"
"31.500","1.0848","835.77"
"31.520","1.0842","819.91"
"31.540","1.0783","803.20"
"31.560","1.0730","788.86"
"31.580","1.0661","770.71"
"31.600","1.0548","748.07"
"31.620","1.0411","724.87"
"31.640","1.0276","706.75"
"31.660","1.0155","691.29"
"31.680","1.0042","677.63"
"31.700","0.99332","664.80"
"31.720","0.98226","650.78"
"31.740","0.97118","638.48"
"31.760","0.96024","626.18"
"31.780","0.94929","613.83"
"31.800","0.93863","602.68"
"31.820","0.92765","589.99"
"31.840","0.91672","578.20"
"31.860","0.90614","568.02"
"31.880","0.89557","556.88"
"31.900","0.88531","546.68"
"31.920","0.87480","536.05"
"31.940","0.86398","524.29"
"31.960","0.85331","513.97"
"31.980","0.84259","503.07"
"32.000","0.83193","492.56"
"32.020","0.82100","481.85"
"32.040","0.81019","471.24"
"32.060","0.79986","462.03"
"32.080","0.78936","452.40"
"32.100","0.77893","441.60"
"32.120","0.76813","431.36"
"32.140","0.75707","420.90"
"32.160","0.74642","410.56"
"32.180","0.73571","401.29"
"32.200","0.72510","391.21"
"32.220","0.71440","381.28"
"32.240","0.70351","371.02"
"32.260","0.69279","361.19"
"32.280","0.68207","352.13"
"32.300","0.67145","341.90"
"32.320","0.66066","332.28"
"32.340","0.64983","323.05"
"32.360","0.63937","312.93"
"32.380","0.62863","303.76"
"32.400","0.61792","294.14"
"32.420","0.60735","284.18"
"32.440","0.59641","274.69"
"32.460","0.58566","264.96"
"32.480","0.57511","256.37"
"32.500","0.56462","247.55"
"32.520","0.55419","237.68"
"32.540","0.54347","229.00"
"32.560","0.53269","219.27"
"32.580","0.52190","209.66"
"32.600","0.51127","201.22"
"32.620","0.50077","191.40"
"32.640","0.49001","182.92"
"32.660","0.47952","173.89"
"32.680","0.46888","164.00"
"32.700","0.45811","155.79"
"32.720","0.44768","146.40"
"32.740","0.43680","136.57"
"32.760","0.42585","127.77"
"32.780","0.41521","118.44"
"32.800","0.40442","109.40"
"32.820","0.39364","100.39"
"32.840","0.38281","91.187"
"32.860","0.37205","81.897"
"32.880","0.36129","73.005"
"32.900","0.35062","64.641"
"32.920","0.34028","55.799"
"32.940","0.32955","46.942"
"32.960","0.31884","38.596"
"32.980","0.30836","29.507"
"33.000","0.29747","20.127"
"33.020","0.28666","11.340"
"33.040","0.27587","2.1186"
"33.060","0.26503","-6.7869"
"33.080","0.25454","-14.906"
"33.100","0.24413","-22.640"
"33.120","0.23384","-30.944"
"33.140","0.22330","-40.262"
"33.160","0.21237","-49.977"
"33.180","0.20155","-58.504"
"33.200","0.19075","-67.223"
"33.220","0.18038","-75.095"
"33.240","0.16995","-83.494"
"33.260","0.15911","-92.480"
"33.280","0.14854","-100.92"
"33.300","0.13785","-110.05"
"33.320","0.12711","-118.55"
"33.340","0.11637","-127.68"
"33.360","0.10533","-137.41"
"33.380","0.094449","-145.67"
"33.400","0.083747","-153.61"
"33.420","0.073264","-161.90"
"33.440","0.062662","-170.68"
"33.460","0.051657","-179.33"
"33.480","0.041193","-187.41"
"33.500","0.030785","-195.89"
"33.520","0.020075","-204.72"
"33.540","0.0094963","-212.86"
"33.558","-0.00025352","-221.26"
"33.559","-0.00080146","-221.70"
"33.579","-0.011388","-227.22"
"33.599","-0.017310","-218.74"
"33.619","-0.016512","-198.50"
"33.639","-0.010701","-177.64"
"33.659","-0.0058026","-161.68"
"33.679","0.00052082","-140.76"
"33.699","0.012241","-111.29"
"33.719","0.026552","-82.752"
"33.739","0.040034","-61.521"
"33.759","0.052138","-43.776"
"33.779","0.063645","-27.473"
"33.799","0.074917","-12.489"
"33.819","0.085770","2.1730"
"33.839","0.096524","15.803"
"33.859","0.10732","30.060"
"33.879","0.11840","44.394"
"33.899","0.12950","57.285"
"33.919","0.14011","69.750"
"33.939","0.15067","82.367"
"33.959","0.16122","94.050"
"33.979","0.17178","105.69"
"33.999","0.18250","117.76"
"34.019","0.19306","129.36"
"34.039","0.20354","140.78"
"34.059","0.21421","152.33"
"34.079","0.22506","164.25"
"34.099","0.23601","175.89"
"34.119","0.24671","186.40"
"34.139","0.25722","196.93"
"34.159","0.26781","207.74"
"34.179","0.27870","219.04"
"34.199","0.28975","229.97"
"34.219","0.30051","240.36"
"34.239","0.31133","250.93"
"34.259","0.32208","260.41"
"34.279","0.33255","269.87"
"34.299","0.34316","280.12"
"34.319","0.35380","289.27"
"34.339","0.36429","299.33"
"34.359","0.37494","309.65"
"34.379","0.38595","319.66"
"34.399","0.39705","330.03"
"34.419","0.40785","339.36"
"34.439","0.41851","348.43"
"34.459","0.42900","356.92"
"34.479","0.43937","365.82"
"34.499","0.45013","375.61"
"34.519","0.46067","383.97"
"34.539","0.47092","392.46"
"34.559","0.48149","401.69"
"34.579","0.49220","411.05"
"34.599","0.50300","420.09"
"34.619","0.51377","429.03"
"34.639","0.52441","437.80"
"34.659","0.53504","446.04"
"34.679","0.54578","455.67"
"34.699","0.55671","464.19"
"34.719","0.56745","472.72"
"34.739","0.57793","481.56"
"34.759","0.58862","489.43"
"34.779","0.59939","498.77"
"34.799","0.61026","507.75"
"34.819","0.62118","515.32"
"34.839","0.63176","524.12"
"34.859","0.64229","531.68"
"34.879","0.65301","539.81"
"34.899","0.66384","549.23"
"34.919","0.67459","556.32"
"34.939","0.68520","565.16"
"34.959","0.69590","572.71"
"34.979","0.70656","580.38"
"34.999","0.71728","589.88"
"35.019","0.72801","596.34"
"35.039","0.73838","604.37"
"35.059","0.74881","612.34"
"35.079","0.75947","619.58"
"35.099","0.77013","628.24"
"35.119","0.78081","635.87"
"35.139","0.79138","643.56"
"35.159","0.80186","651.17"
"35.179","0.81246","658.54"
"35.199","0.82328","667.26"
"35.219","0.83418","674.98"
"35.239","0.84488","682.66"
"35.259","0.85562","690.95"
"35.279","0.86627","697.74"
"35.299","0.87693","705.86"
"35.319","0.88793","713.68"
"35.339","0.89852","720.45"
"35.359","0.90890","727.72"
"35.379","0.91961","735.41"
"35.399","0.93027","743.31"
"35.419","0.94115","751.18"
"35.439","0.95219","758.93"
"35.459","0.96292","766.17"
"35.479","0.97353","773.12"
"35.499","0.98429","780.36"
"35.519","0.99511","787.66"
"35.539","1.0056","794.68"
"35.559","1.0162","802.16"
"35.579","1.0268","809.44"
"35.599","1.0373","816.21"
"35.619","1.0482","823.77"
"35.639","1.0591","831.09"
"35.657","1.0684","836.18"
"35.658","1.0689","836.49"
"35.678","1.0789","840.47"
"35.698","1.0847","834.58"
"35.718","1.0842","818.02"
"35.738","1.0783","801.50"
"35.758","1.0729","787.85"
"35.778","1.0661","769.22"
"35.798","1.0548","746.97"
"35.818","1.0412","723.72"
"35.838","1.0276","704.69"
"35.858","1.0155","689.87"
"35.878","1.0042","676.29"
"35.898","0.99328","663.42"
"35.918","0.98223","649.97"
"35.938","0.97115","636.93"
"35.958","0.96022","624.79"
"35.978","0.94929","612.25"
"35.998","0.93862","600.57"
"36.018","0.92764","588.90"
"36.038","0.91672","576.83"
"36.058","0.90614","566.12"
"36.078","0.89553","555.46"
"36.098","0.88526","545.08"
"36.118","0.87475","533.99"
"36.138","0.86393","522.70"
"36.158","0.85327","512.19"
"36.178","0.84260","501.60"
"36.198","0.83198","490.84"
"36.218","0.82106","480.15"
"36.238","0.81024","470.04"
"36.258","0.79990","460.30"
"36.278","0.78934","450.44"
"36.298","0.77884","440.20"
"36.318","0.76806","429.61"
"36.338","0.75704","418.93"
"36.358","0.74640","408.96"
"36.378","0.73571","399.76"
"36.398","0.72510","389.44"
"36.418","0.71436","379.41"
"36.438","0.70345","369.86"
"36.458","0.69278","359.91"
"36.478","0.68203","350.08"
"36.498","0.67141","340.52"
"36.518","0.66069","330.65"
"36.538","0.64983","321.03"
"36.558","0.63932","311.33"
"36.578","0.62859","302.10"
"36.598","0.61793","292.88"
"36.618","0.60739","282.44"
"36.638","0.59643","273.12"
"36.658","0.58569","263.52"
"36.678","0.57511","253.88"
"36.698","0.56453","246.22"
"36.718","0.55409","236.38"
"36.738","0.54342","226.99"
"36.758","0.53268","217.73"
"36.778","0.52187","207.46"
"36.798","0.51120","199.39"
"36.818","0.50075","190.07"
"36.838","0.49003","180.64"
"36.858","0.47947","172.50"
"36.878","0.46884","162.65"
"36.898","0.45812","153.80"
"36.918","0.44769","145.10"
"36.938","0.43680","134.79"
"36.958","0.42582","125.96"
"36.978","0.41515","116.67"
"36.998","0.40440","107.69"
"37.018","0.39364","99.034"
"37.038","0.38282","88.830"
"37.058","0.37207","80.602"
"37.078","0.36127","71.419"
"37.098","0.35061","62.241"
"37.118","0.34028","54.654"
"37.138","0.32954","44.816"
"37.158","0.31879","36.338"
"37.178","0.30831","27.568"
"37.198","0.29746","18.059"
"37.218","0.28665","9.9742"
"37.238","0.27580","-0.066840"
"37.258","0.26499","-8.7816"
"37.278","0.25458","-15.788"
"37.298","0.24418","-25.082"
"37.318","0.23385","-33.002"
"37.338","0.22326","-41.769"
"37.358","0.21231","-51.623"
"37.378","0.20154","-59.925"
"37.398","0.19076","-68.658"
"37.418","0.18035","-76.512"
"37.438","0.16988","-85.269"
"37.458","0.15905","-94.436"
"37.478","0.14856","-102.02"
"37.498","0.13788","-111.34"
"37.518","0.12710","-120.33"
"37.538","0.11633","-129.43"
"37.558","0.10529","-138.69"
"37.578","0.094460","-147.29"
"37.598","0.083708","-155.51"
"37.618","0.073225","-163.56"
"37.638","0.062698","-172.04"
"37.658","0.051699","-180.66"
"37.678","0.041175","-189.42"
"37.698","0.030748","-196.97"
"37.718","0.020076","-205.58"
"37.738","0.0094979","-214.90"
"37.756","-0.00026626","-222.29"
"37.757","-0.00081315","-222.73"
"37.777","-0.011341","-228.36"
"37.797","-0.017225","-220.11"
"37.817","-0.016441","-199.52"
"37.837","-0.010685","-179.15"
"37.857","-0.0058113","-163.41"
"37.877","0.00049737","-142.15"
"37.897","0.012158","-113.00"
"37.917","0.026467","-84.077"
"37.937","0.039996","-62.901"
"37.957","0.052124","-45.248"
"37.977","0.063678","-27.866"
"37.997","0.074972","-13.843"
"38.017","0.085772","0.93799"
"38.037","0.096458","15.055"
"38.057","0.10730","28.111"
"38.077","0.11838","43.421"
"38.097","0.12948","56.396"
"38.117","0.14012","68.504"
"38.137","0.15063","81.223"
"38.157","0.16113","92.657"
"38.177","0.17169","105.27"
"38.197","0.18242","116.97"
"38.217","0.19303","127.93"
"38.237","0.20354","140.25"
"38.257","0.21420","151.23"
"38.277","0.22507","163.17"
"38.297","0.23601","174.97"
"38.317","0.24671","185.06"
"38.337","0.25725","196.01"
"38.357","0.26779","206.33"
"38.377","0.27860","217.82"
"38.397","0.28966","229.13"
"38.417","0.30051","238.58"
"38.437","0.31136","250.06"
"38.457","0.32207","259.45"
"38.477","0.33250","269.03"
"38.497","0.34317","279.30"
"38.517","0.35385","288.44"
"38.537","0.36432","298.52"
"38.557","0.37494","308.09"
"38.577","0.38593","318.51"
"38.597","0.39700","329.24"
"38.617","0.40783","338.06"
"38.637","0.41850","347.07"
"38.657","0.42896","356.02"
"38.677","0.43933","364.87"
"38.697","0.45013","374.27"
"38.717","0.46068","382.74"
"38.737","0.47091","391.45"
"38.757","0.48149","400.43"
"38.777","0.49220","409.37"
"38.797","0.50296","419.14"
"38.817","0.51372","427.86"
"38.837","0.52435","436.39"
"38.857","0.53503","445.37"
"38.877","0.54583","454.45"
"38.897","0.55675","463.43"
"38.917","0.56739","471.23"
"38.937","0.57781","480.25"
"38.957","0.58854","488.79"
"38.977","0.59934","497.15"
"38.997","0.61025","506.69"
"39.017","0.62123","514.83"
"39.037","0.63180","522.55"
"39.057","0.64228","530.86"
"39.077","0.65298","539.05"
"39.097","0.66380","547.56"
"39.117","0.67457","555.48"
"39.137","0.68521","563.40"
"39.157","0.69591","572.13"
"39.177","0.70651","579.40"
"39.197","0.71720","587.66"
"39.217","0.72799","595.59"
"39.237","0.73836","602.71"
"39.257","0.74880","610.83"
"39.277","0.75949","618.65"
"39.297","0.77011","626.91"
"39.317","0.78081","634.50"
"39.337","0.79138","641.68"
"39.357","0.80182","649.74"
"39.377","0.81241","657.44"
"39.397","0.82327","665.67"
"39.417","0.83424","673.64"
"39.437","0.84496","681.60"
"39.457","0.85560","689.03"
"39.477","0.86621","695.95"
"39.497","0.87692","705.09"
"39.517","0.88791","712.41"
"39.537","0.89845","719.10"
"39.557","0.90888","727.20"
"39.577","0.91966","734.18"
"39.597","0.93032","741.84"
"39.617","0.94116","750.26"
"39.637","0.95216","757.46"
"39.657","0.96285","764.84"
"39.677","0.97348","772.08"
"39.697","0.98431","779.55"
"39.717","0.99511","787.06"
"39.737","1.0056","793.55"
"39.757","1.0162","800.88"
"39.777","1.0268","808.31"
"39.797","1.0373","814.72"
"39.817","1.0481","822.90"
"39.837","1.0590","829.82"
"39.855","1.0683","835.33"
"39.856","1.0689","835.63"
"39.876","1.0789","839.58"
"39.896","1.0847","833.09"
"39.916","1.0841","817.00"
"39.936","1.0782","800.34"
"39.956","1.0729","786.57"
"39.976","1.0661","768.20"
"39.996","1.0548","745.59"
"40.016","1.0412","722.30"
"40.036","1.0276","703.48"
"40.056","1.0155","688.51"
"40.076","1.0041","674.84"
"40.096","0.99323","661.64"
"40.116","0.98217","648.39"
"40.136","0.97113","635.96"
"40.156","0.96016","622.84"
"40.176","0.94918","611.11"
"40.196","0.93852","599.65"
"40.216","0.92758","587.09"
"40.236","0.91671","576.10"
"40.256","0.90620","565.16"
"40.276","0.89552","554.26"
"40.296","0.88515","543.67"
"40.316","0.87464","532.59"
"40.336","0.86387","521.83"
"40.356","0.85326","511.17"
"40.376","0.84257","500.27"
"40.396","0.83196","490.27"
"40.416","0.82112","479.49"
"40.436","0.81030","468.75"
"40.456","0.79985","458.99"
"40.476","0.78923","448.93"
"40.496","0.77875","438.81"
"40.516","0.76801","428.47"
"40.536","0.75700","418.08"
"40.556","0.74638","407.94"
"40.576","0.73566","398.18"
"40.596","0.72501","388.11"
"40.616","0.71428","378.24"
"40.636","0.70341","368.49"
"40.656","0.69273","358.19"
"40.676","0.68204","349.07"
"40.696","0.67145","339.74"
"40.716","0.66067","329.20"
"40.736","0.64980","319.95"
"40.756","0.63926","310.35"
"40.776","0.62848","300.50"
"40.796","0.61788","291.69"
"40.816","0.60741","281.80"
"40.836","0.59648","271.86"
"40.856","0.58570","262.59"
"40.876","0.57507","252.84"
"40.896","0.56449","244.47"
"40.916","0.55401","235.20"
"40.936","0.54331","225.27"
"40.956","0.53261","216.83"
"40.976","0.52181","207.04"
"40.996","0.51122","197.75"
"41.016","0.50075","189.17"
"41.036","0.48997","179.60"
"41.056","0.47943","170.78"
"41.076","0.46879","161.48"
"41.096","0.45800","152.74"
"41.116","0.44759","144.24"
"41.136","0.43678","133.78"
"41.156","0.42581","124.78"
"41.176","0.41508","115.89"
"41.196","0.40432","106.13"
"41.216","0.39363","97.527"
"41.236","0.38280","88.387"
"41.256","0.37201","79.098"
"41.276","0.36127","70.338"
"41.296","0.35063","61.794"
"41.316","0.34028","53.584"
"41.336","0.32950","44.156"
"41.356","0.31870","35.035"
"41.376","0.30825","26.489"
"41.396","0.29742","17.699"
"41.416","0.28663","8.6975"
"41.436","0.27584","-0.43533"
"41.456","0.26500","-9.0468"
"41.476","0.25453","-17.308"
"41.496","0.24411","-25.711"
"41.516","0.23380","-33.796"
"41.536","0.22322","-42.914"
"41.556","0.21231","-52.202"
"41.576","0.20152","-61.082"
"41.596","0.19070","-69.591"
"41.616","0.18027","-77.696"
"41.636","0.16982","-86.648"
"41.656","0.15900","-94.870"
"41.676","0.14843","-103.63"
"41.696","0.13779","-112.56"
"41.716","0.12710","-120.72"
"41.736","0.11632","-130.44"
"41.756","0.10527","-139.33"
"41.776","0.094453","-148.12"
"41.796","0.083740","-156.56"
"41.816","0.073218","-164.32"
"41.836","0.062622","-173.79"
"41.856","0.051625","-182.18"
"41.876","0.041141","-189.73"
"41.896","0.030701","-198.02"
"41.916","0.020010","-206.53"
"41.936","0.0094516","-215.84"
"41.954","-0.00031048","-223.47"
"41.955","-0.00085842","-223.86"
"41.956","-0.0014063","-224.23"
"41.976","-0.011933","-229.45"
"41.996","-0.018115","-222.97"
"42.016","-0.018731","-207.25"
"42.036","-0.015708","-189.93"
"42.056","-0.012282","-178.40"
"42.076","-0.010327","-168.81"
"42.096","-0.0068858","-154.98"
"42.116","0.00026860","-134.76"
"42.136","0.0095157","-114.62"
"42.156","0.018469","-98.847"
"42.176","0.026255","-86.380"
"42.196","0.033344","-76.221"
"42.216","0.040209","-65.316"
"42.236","0.046945","-55.613"
"42.256","0.053502","-47.041"
"42.276","0.060201","-37.155"
"42.296","0.066972","-27.611"
"42.316","0.073522","-19.557"
"42.336","0.079702","-11.616"
"42.356","0.085904","-3.6008"
"42.376","0.092374","4.7782"
"42.396","0.098894","12.993"
"42.416","0.10528","20.148"
"42.436","0.11179","28.875"
"42.456","0.11855","36.957"
"42.476","0.12527","44.813"
"42.496","0.13154","51.601"
"42.516","0.13755","57.697"
"42.536","0.14382","65.675"
"42.556","0.15029","72.242"
"42.576","0.15666","79.224"
"42.596","0.16288","86.300"
"42.616","0.16927","93.072"
"42.636","0.17585","100.67"
"42.656","0.18238","107.29"
"42.676","0.18862","113.13"
"42.696","0.19478","119.96"
"42.716","0.20118","126.75"
"42.736","0.20775","133.79"
"42.756","0.21424","140.50"
"42.776","0.22067","146.84"
"42.796","0.22723","153.81"
"42.816","0.23380","160.12"
"42.836","0.24015","165.77"
"42.856","0.24637","171.92"
"42.876","0.25270","177.91"
"42.896","0.25907","184.69"
"42.916","0.26545","190.02"
"42.936","0.27187","196.08"
"42.956","0.27849","203.48"
"42.976","0.28521","209.08"
"42.996","0.29171","215.16"
"43.016","0.29790","220.56"
"43.036","0.30425","226.74"
"43.056","0.31088","233.00"
"43.076","0.31744","238.77"
"43.096","0.32360","243.75"
"43.116","0.32975","249.47"
"43.136","0.33627","255.68"
"43.156","0.34291","261.34"
"43.176","0.34936","267.45"
"43.196","0.35553","272.29"
"43.216","0.36170","277.53"
"43.236","0.36810","283.87"
"43.256","0.37469","289.66"
"43.276","0.38130","295.54"
"43.296","0.38796","301.40"
"43.316","0.39448","306.78"
"43.336","0.40087","311.98"
"43.356","0.40715","316.88"
"43.376","0.41353","322.60"
"43.396","0.41998","329.34"
"43.416","0.42630","332.83"
"43.436","0.43241","337.35"
"43.456","0.43870","344.50"
"43.476","0.44544","349.17"
"43.496","0.45211","355.37"
"43.516","0.45820","359.18"
"43.536","0.46406","363.44"
"43.556","0.47032","369.71"
"43.576","0.47695","374.68"
"43.596","0.48359","380.67"
"43.616","0.48991","385.61"
"43.636","0.49623","390.09"
"43.656","0.50273","396.47"
"43.676","0.50927","401.43"
"43.696","0.51563","405.96"
"43.716","0.52193","411.24"
"43.736","0.52828","415.80"
"43.756","0.53471","421.51"
"43.776","0.54122","426.49"
"43.796","0.54781","431.73"
"43.816","0.55442","437.63"
"43.836","0.56078","441.59"
"43.856","0.56684","446.03"
"43.876","0.57293","451.18"
"43.896","0.57943","456.13"
"43.916","0.58626","462.42"
"43.936","0.59291","467.80"
"43.956","0.59914","471.00"
"43.976","0.60549","476.40"
"43.996","0.61217","482.66"
"44.016","0.61884","486.81"
"44.036","0.62509","491.53"
"44.056","0.63119","495.92"
"44.076","0.63743","500.38"
"44.096","0.64388","506.07"
"44.116","0.65039","510.18"
"44.136","0.65690","515.65"
"44.156","0.66337","520.72"
"44.176","0.66980","525.01"
"44.196","0.67616","529.80"
"44.216","0.68249","534.20"
"44.236","0.68900","539.34"
"44.256","0.69546","544.30"
"44.276","0.70177","548.19"
"44.296","0.70804","553.07"
"44.316","0.71457","558.40"
"44.336","0.72125","563.21"
"44.356","0.72762","567.38"
"44.376","0.73356","570.96"
"44.396","0.73962","575.85"
"44.416","0.74613","581.16"
"44.436","0.75284","585.77"
"44.456","0.75930","590.35"
"44.476","0.76554","594.50"
"44.496","0.77189","599.79"
"44.516","0.77842","604.29"
"44.536","0.78487","608.42"
"44.556","0.79108","612.99"
"44.576","0.79725","617.32"
"44.596","0.80353","621.76"
"44.616","0.81000","626.42"
"44.636","0.81654","631.64"
"44.656","0.82324","636.69"
"44.676","0.82992","641.21"
"44.696","0.83633","645.31"
"44.716","0.84246","649.35"
"44.736","0.84878","653.90"
"44.756","0.85534","658.57"
"44.776","0.86172","663.01"
"44.796","0.86791","667.03"
"44.816","0.87432","672.18"
"44.836","0.88114","677.40"
"44.856","0.88781","681.49"
"44.876","0.89391","685.18"
"44.896","0.89983","689.34"
"44.916","0.90623","693.92"
"44.936","0.91300","699.09"
"44.956","0.91966","703.47"
"44.976","0.92582","707.30"
"44.996","0.93206","711.79"
"45.016","0.93873","716.86"
"45.036","0.94552","721.63"
"45.056","0.95199","725.58"
"45.076","0.95813","729.11"
"45.096","0.96425","733.60"
"45.116","0.97064","737.76"
"45.136","0.97723","742.38"
"45.156","0.98392","747.59"
"45.176","0.99052","751.40"
"45.196","0.99687","755.59"
"45.216","1.0030","759.58"
"45.236","1.0092","763.39"
"45.256","1.0157","768.19"
"45.276","1.0222","772.43"
"45.296","1.0285","776.27"
"45.316","1.0345","780.00"
"45.336","1.0410","785.09"
"45.356","1.0479","790.46"
"45.376","1.0546","793.74"
"45.396","1.0607","797.02"
"45.416","1.0665","801.08"
"45.436","1.0728","804.70"
"45.456","1.0794","810.02"
"45.476","1.0859","814.12"
"45.496","1.0922","817.66"
"45.516","1.0985","822.63"
"45.536","1.1049","826.44"
"45.556","1.1115","831.10"
"45.576","1.1180","835.90"
"45.596","1.1243","838.77"
"45.616","1.1305","843.48"
"45.636","1.1368","847.63"
"45.656","1.1433","851.91"
"45.676","1.1502","857.50"
"45.696","1.1570","861.16"
"45.716","1.1633","865.14"
"45.736","1.1692","868.19"
"45.756","1.1754","872.02"
"45.776","1.1822","877.94"
"45.796","1.1889","881.80"
"45.816","1.1952","884.74"
"45.836","1.2014","889.59"
"45.856","1.2080","893.60"
"45.876","1.2148","898.97"
"45.896","1.2213","902.97"
"45.916","1.2273","905.01"
"45.936","1.2334","909.19"
"45.956","1.2399","914.39"
"45.976","1.2464","917.61"
"45.996","1.2529","922.37"
"46.016","1.2593","925.85"
"46.036","1.2656","930.01"
"46.056","1.2721","934.86"
"46.076","1.2784","937.42"
"46.096","1.2848","941.94"
"46.116","1.2912","946.17"
"46.136","1.2975","949.39"
"46.156","1.3038","954.15"
"46.176","1.3103","958.11"
"46.196","1.3170","962.33"
"46.216","1.3236","966.69"
"46.236","1.3298","969.40"
"46.256","1.3358","973.42"
"46.276","1.3422","977.54"
"46.296","1.3488","981.97"
"46.316","1.3554","986.08"
"46.336","1.3615","988.89"
"46.356","1.3678","993.11"
"46.376","1.3743","998.15"
"46.396","1.3810","1002.5"
"46.416","1.3874","1005.4"
"46.436","1.3934","1009.1"
"46.456","1.3995","1012.0"
"46.476","1.4058","1016.7"
"46.496","1.4124","1021.2"
"46.516","1.4190","1024.8"
"46.536","1.4255","1030.0"
"46.556","1.4320","1033.1"
"46.576","1.4385","1036.7"
"46.596","1.4448","1041.1"
"46.616","1.4513","1044.3"
"46.636","1.4578","1049.0"
"46.656","1.4641","1052.2"
"46.676","1.4704","1056.5"
"46.696","1.4770","1061.5"
"46.716","1.4838","1064.5"
"46.736","1.4902","1068.8"
"46.756","1.4962","1071.8"
"46.776","1.5023","1074.9"
"46.796","1.5088","1080.5"
"46.816","1.5156","1084.0"
"46.836","1.5221","1087.5"
"46.856","1.5282","1091.8"
"46.876","1.5347","1095.0"
"46.896","1.5413","1099.8"
"46.916","1.5479","1103.0"
"46.936","1.5542","1106.5"
"46.956","1.5603","1111.0"
"46.976","1.5665","1112.9"
"46.996","1.5730","1117.7"
"47.016","1.5795","1122.2"
"47.036","1.5860","1125.0"
"47.056","1.5925","1130.1"
"47.076","1.5989","1132.7"
"47.096","1.6052","1136.7"
"47.116","1.6118","1141.8"
"47.136","1.6185","1144.5"
"47.156","1.6249","1148.5"
"47.176","1.6309","1151.6"
"47.196","1.6370","1155.1"
"47.216","1.6437","1160.0"
"47.236","1.6504","1163.6"
"47.256","1.6566","1166.6"
"47.276","1.6624","1169.6"
"47.296","1.6686","1173.7"
"47.316","1.6753","1178.6"
"47.336","1.6820","1182.1"
"47.356","1.6884","1186.0"
"47.376","1.6946","1190.0"
"47.396","1.7010","1193.1"
"47.416","1.7076","1197.3"
"47.436","1.7141","1201.0"
"47.456","1.7204","1204.5"
"47.476","1.7266","1207.9"
"47.496","1.7329","1211.7"
"47.516","1.7394","1216.0"
"47.536","1.7460","1220.2"
"47.556","1.7526","1223.8"
"47.576","1.7590","1227.4"
"47.596","1.7652","1230.6"
"47.616","1.7714","1234.0"
"47.636","1.7779","1238.2"
"47.656","1.7846","1242.4"
"47.676","1.7911","1245.7"
"47.696","1.7972","1249.2"
"47.716","1.8036","1253.5"
"47.736","1.8105","1257.8"
"47.756","1.8174","1261.9"
"47.776","1.8235","1264.5"
"47.796","1.8294","1267.3"
"47.816","1.8355","1271.4"
"47.836","1.8421","1275.1"
"47.856","1.8487","1279.3"
"47.876","1.8551","1283.1"
"47.896","1.8614","1286.0"
"47.916","1.8679","1290.6"
"47.936","1.8744","1294.0"
"47.956","1.8809","1297.5"
"47.976","1.8873","1301.5"
"47.996","1.8937","1304.7"
"48.016","1.9000","1308.8"
"48.036","1.9063","1312.0"
"48.056","1.9129","1316.2"
"48.076","1.9196","1320.3"
"48.096","1.9260","1322.7"
"48.116","1.9320","1326.2"
"48.136","1.9380","1329.5"
"48.156","1.9444","1333.4"
"48.176","1.9511","1337.3"
"48.196","1.9574","1340.5"
"48.216","1.9635","1344.3"
"48.236","1.9699","1348.0"
"48.256","1.9767","1351.9"
"48.276","1.9833","1355.6"
"48.296","1.9895","1358.3"
"48.316","1.9954","1361.4"
"48.336","2.0017","1365.5"
"48.356","2.0084","1369.5"
"48.376","2.0151","1374.3"
"48.396","2.0217","1377.4"
"48.416","2.0281","1381.0"
"48.436","2.0345","1384.6"
"48.456","2.0408","1387.8"
"48.476","2.0471","1391.7"
"48.496","2.0536","1395.2"
"48.516","2.0599","1398.9"
"48.536","2.0662","1402.4"
"48.556","2.0727","1406.4"
"48.576","2.0795","1410.7"
"48.596","2.0863","1414.3"
"48.616","2.0926","1417.2"
"48.636","2.0985","1420.1"
"48.656","2.1047","1424.2"
"48.676","2.1114","1427.7"
"48.696","2.1180","1432.1"
"48.716","2.1243","1435.1"
"48.736","2.1304","1437.7"
"48.756","2.1370","1442.8"
"48.776","2.1437","1446.1"
"48.796","2.1503","1449.2"
"48.816","2.1565","1453.1"
"48.836","2.1627","1456.1"
"48.856","2.1690","1459.4"
"48.876","2.1754","1463.3"
"48.896","2.1820","1466.9"
"48.916","2.1886","1471.2"
"48.936","2.1950","1474.0"
"48.956","2.2013","1477.6"
"48.976","2.2076","1481.4"
"48.996","2.2141","1484.6"
"49.016","2.2207","1488.8"
"49.036","2.2270","1491.5"
"49.056","2.2330","1494.5"
"49.076","2.2392","1498.3"
"49.096","2.2458","1502.6"
"49.116","2.2525","1505.8"
"49.136","2.2588","1508.9"
"49.156","2.2648","1512.5"
"49.176","2.2711","1515.8"
"49.196","2.2777","1520.2"
"49.216","2.2842","1523.2"
"49.236","2.2906","1526.8"
"49.256","2.2970","1531.2"
"49.276","2.3035","1534.1"
"49.296","2.3100","1537.6"
"49.316","2.3163","1541.2"
"49.336","2.3226","1544.7"
"49.356","2.3290","1547.8"
"49.376","2.3354","1551.0"
"49.396","2.3417","1555.1"
"49.416","2.3483","1559.1"
"49.436","2.3549","1562.3"
"49.456","2.3615","1565.9"
"49.476","2.3677","1569.1"
"49.496","2.3738","1572.2"
"49.516","2.3801","1575.9"
"49.536","2.3868","1580.0"
"49.556","2.3934","1583.6"
"49.576","2.3996","1586.7"
"49.596","2.4060","1590.5"
"49.616","2.4127","1594.6"
"49.636","2.4193","1597.5"
"49.656","2.4255","1600.9"
"49.676","2.4316","1604.0"
"49.696","2.4380","1607.6"
"49.716","2.4446","1611.8"
"49.736","2.4511","1615.1"
"49.756","2.4576","1618.7"
"49.776","2.4641","1622.3"
"49.796","2.4705","1625.8"
"49.816","2.4768","1629.3"
"49.836","2.4832","1632.9"
"49.856","2.4897","1636.2"
"49.876","2.4961","1639.7"
"49.896","2.5024","1643.0"
"49.916","2.5087","1646.3"
"49.936","2.5154","1650.6"
"49.956","2.5221","1654.3"
"49.976","2.5285","1657.3"
"49.996","2.5345","1660.1"
"50.016","2.5406","1663.7"
"50.036","2.5470","1667.4"
"50.056","2.5534","1670.6"
"50.076","2.5597","1673.7"
"50.096","2.5659","1677.7"
"50.116","2.5723","1681.3"
"50.136","2.5790","1684.9"
"50.156","2.5855","1688.6"
"50.176","2.5917","1691.5"
"50.196","2.5978","1694.5"
"50.216","2.6042","1698.7"
"50.236","2.6107","1702.2"
"50.256","2.6172","1705.9"
"50.276","2.6239","1710.0"
"50.296","2.6306","1713.7"
"50.316","2.6371","1716.7"
"50.336","2.6432","1719.7"
"50.356","2.6495","1723.5"
"50.376","2.6559","1726.8"
"50.396","2.6622","1730.1"
"50.416","2.6685","1733.5"
"50.436","2.6750","1737.9"
"50.456","2.6819","1741.7"
"50.476","2.6886","1745.2"
"50.496","2.6948","1748.5"
"50.516","2.7008","1750.9"
"50.536","2.7071","1754.8"
"50.556","2.7138","1758.9"
"50.576","2.7203","1761.9"
"50.596","2.7266","1765.5"
"50.616","2.7330","1769.2"
"50.636","2.7395","1772.6"
"50.656","2.7460","1776.3"
"50.676","2.7523","1779.6"
"50.696","2.7587","1782.6"
"50.716","2.7650","1786.4"
"50.736","2.7714","1789.7"
"50.756","2.7778","1793.0"
"50.776","2.7844","1797.6"
"50.796","2.7910","1800.6"
"50.816","2.7973","1803.7"
"50.836","2.8035","1807.0"
"50.856","2.8096","1810.2"
"50.876","2.8161","1814.1"
"50.896","2.8227","1817.1"
"50.916","2.8290","1820.5"
"50.936","2.8350","1823.7"
"50.956","2.8413","1826.9"
"50.976","2.8480","1831.8"
"50.996","2.8548","1835.1"
"51.016","2.8609","1837.7"
"51.036","2.8668","1840.9"
"51.056","2.8732","1844.6"
"51.076","2.8799","1849.1"
"51.096","2.8868","1852.6"
"51.116","2.8935","1856.5"
"51.136","2.9001","1860.3"
"51.156","2.9064","1862.9"
"51.176","2.9127","1866.4"
"51.196","2.9188","1869.2"
"51.216","2.9251","1872.7"
"51.236","2.9315","1876.5"
"51.256","2.9378","1879.2"
"51.276","2.9441","1883.3"
"51.296","2.9507","1887.3"
"51.316","2.9574","1890.8"
"51.336","2.9639","1894.3"
"51.356","2.9700","1897.1"
"51.376","2.9762","1900.6"
"51.396","2.9828","1904.3"
"51.416","2.9895","1908.3"
"51.436","2.9958","1911.6"
"51.456","3.0021","1914.4"
"51.476","3.0086","1918.7"
"51.496","3.0152","1922.5"
"51.516","3.0217","1925.4"
"51.536","3.0279","1928.5"
"51.556","3.0340","1931.8"
"51.576","3.0403","1935.3"
"51.596","3.0469","1938.8"
"51.616","3.0534","1942.4"
"51.636","3.0599","1946.6"
"51.656","3.0663","1949.4"
"51.676","3.0726","1953.1"
"51.696","3.0789","1956.7"
"51.716","3.0853","1959.3"
"51.736","3.0918","1963.5"
"51.756","3.0983","1966.8"
"51.776","3.1046","1970.3"
"51.796","3.1111","1974.4"
"51.816","3.1178","1977.7"
"51.836","3.1244","1981.7"
"51.856","3.1306","1984.4"
"51.876","3.1366","1987.1"
"51.896","3.1429","1991.0"
"51.916","3.1494","1994.5"
"51.936","3.1559","1997.9"
"51.956","3.1622","2001.7"
"51.976","3.1685","2004.8"
"51.996","3.1751","2008.5"
"52.016","3.1816","2012.3"
"52.036","3.1878","2014.8"
"52.056","3.1939","2018.4"
"52.076","3.2002","2021.6"
"52.096","3.2066","2024.9"
"52.116","3.2131","2029.2"
"52.136","3.2196","2032.7"
"52.156","3.2261","2035.8"
"52.176","3.2326","2039.6"
"52.196","3.2389","2043.0"
"52.216","3.2452","2045.7"
"52.236","3.2517","2049.8"
"52.256","3.2583","2053.3"
"52.276","3.2646","2056.5"
"52.296","3.2710","2060.7"
"52.316","3.2776","2064.2"
"52.336","3.2844","2068.0"
"52.356","3.2909","2071.2"
"52.376","3.2969","2074.3"
"52.396","3.3031","2077.8"
"52.416","3.3096","2081.0"
"52.436","3.3163","2085.2"
"52.456","3.3228","2088.5"
"52.476","3.3291","2091.3"
"52.496","3.3354","2095.4"
"52.516","3.3419","2099.2"
"52.536","3.3484","2102.4"
"52.556","3.3547","2106.0"
"52.576","3.3610","2109.0"
"52.596","3.3672","2112.4"
"52.616","3.3736","2115.7"
"52.636","3.3800","2119.2"
"52.656","3.3866","2123.2"
"52.676","3.3931","2126.4"
"52.696","3.3994","2129.9"
"52.716","3.4056","2133.0"
"52.736","3.4121","2136.6"
"52.756","3.4189","2140.9"
"52.776","3.4254","2143.7"
"52.796","3.4314","2146.4"
"52.816","3.4374","2149.7"
"52.836","3.4437","2153.4"
"52.856","3.4505","2157.4"
"52.876","3.4572","2161.2"
"52.896","3.4637","2164.8"
"52.916","3.4701","2168.1"
"52.936","3.4765","2171.6"
"52.956","3.4829","2175.0"
"52.976","3.4891","2178.0"
"52.996","3.4953","2180.9"
"53.016","3.5016","2185.0"
"53.036","3.5082","2188.6"
"53.056","3.5147","2191.7"
"53.076","3.5210","2195.4"
"53.096","3.5272","2198.6"
"53.116","3.5335","2201.7"
"53.136","3.5400","2205.3"
"53.156","3.5466","2209.6"
"53.176","3.5534","2213.4"
"53.196","3.5600","2217.0"
"53.216","3.5663","2219.9"
"53.236","3.5724","2223.3"
"53.256","3.5787","2226.6"
"53.276","3.5852","2229.8"
"53.296","3.5916","2233.7"
"53.316","3.5978","2236.3"
"53.336","3.6041","2240.4"
"53.356","3.6110","2245.0"
"53.376","3.6177","2247.8"
"53.396","3.6240","2251.3"
"53.416","3.6300","2253.8"
"53.436","3.6363","2257.4"
"53.456","3.6428","2261.4"
"53.476","3.6494","2264.6"
"53.496","3.6558","2268.8"
"53.516","3.6622","2272.2"
"53.536","3.6687","2275.7"
"53.556","3.6752","2278.9"
"53.576","3.6816","2282.4"
"53.596","3.6879","2286.1"
"53.616","3.6942","2289.0"
"53.636","3.7006","2292.4"
"53.656","3.7071","2296.7"
"53.676","3.7137","2299.9"
"53.696","3.7203","2303.5"
"53.716","3.7266","2306.8"
"53.736","3.7326","2309.1"
"53.756","3.7388","2313.6"
"53.776","3.7454","2317.1"
"53.796","3.7520","2320.4"
"53.816","3.7582","2323.6"
"53.836","3.7642","2326.4"
"53.856","3.7706","2330.5"
"53.876","3.7773","2334.1"
"53.896","3.7839","2337.1"
"53.916","3.7900","2340.4"
"53.936","3.7960","2343.3"
"53.956","3.8023","2346.8"
"53.976","3.8090","2351.5"
"53.996","3.8157","2354.5"
"54.016","3.8221","2358.1"
"54.036","3.8285","2362.0"
"54.056","3.8349","2364.5"
"54.076","3.8415","2368.9"
"54.096","3.8480","2372.2"
"54.116","3.8544","2374.9"
"54.136","3.8606","2378.6"
"54.156","3.8668","2381.3"
"54.176","3.8734","2385.6"
"54.196","3.8803","2389.6"
"54.216","3.8870","2392.3"
"54.236","3.8932","2395.5"
"54.256","3.8990","2398.2"
"54.276","3.9053","2401.7"
"54.296","3.9120","2406.3"
"54.316","3.9186","2408.8"
"54.336","3.9248","2412.2"
"54.356","3.9310","2416.3"
"54.376","3.9377","2419.4"
"54.396","3.9446","2424.1"
"54.416","3.9512","2426.9"
"54.436","3.9573","2429.4"
"54.456","3.9632","2433.0"
"54.476","3.9694","2435.8"
"54.496","3.9759","2440.1"
"54.516","3.9825","2444.1"
"54.536","3.9892","2447.5"
"54.556","3.9956","2451.3"
"54.576","4.0017","2453.6"
"54.596","4.0079","2456.8"
"54.616","4.0145","2461.6"
"54.636","4.0213","2464.7"
"54.656","4.0278","2468.6"
"54.676","4.0340","2471.9"
"54.696","4.0403","2474.5"
"54.716","4.0470","2479.6"
"54.736","4.0536","2481.8"
"54.756","4.0595","2484.7"
"54.776","4.0654","2488.4"
"54.796","4.0717","2490.8"
"54.816","4.0783","2496.0"
"54.836","4.0848","2499.0"
"54.856","4.0912","2502.0"
"54.876","4.0976","2506.5"
"54.896","4.1041","2509.4"
"54.916","4.1105","2513.0"
"54.936","4.1168","2516.7"
"54.956","4.1231","2519.4"
"54.976","4.1294","2523.7"
"54.996","4.1359","2526.7"
"55.016","4.1423","2529.8"
"55.036","4.1490","2535.0"
"55.056","4.1558","2538.0"
"55.076","4.1622","2541.3"
"55.096","4.1684","2544.9"
"55.116","4.1746","2547.7"
"55.136","4.1811","2551.5"
"55.156","4.1877","2555.3"
"55.176","4.1940","2558.4"
"55.196","4.2002","2561.8"
"55.216","4.2068","2565.9"
"55.236","4.2138","2570.2"
"55.256","4.2204","2573.3"
"55.276","4.2263","2575.4"
"55.296","4.2322","2578.7"
"55.316","4.2385","2582.7"
"55.336","4.2451","2585.9"
"55.356","4.2517","2589.9"
"55.376","4.2582","2593.6"
"55.396","4.2646","2596.6"
"55.416","4.2711","2600.5"
"55.436","4.2775","2603.9"
"55.456","4.2839","2607.2"
"55.476","4.2903","2610.6"
"55.496","4.2965","2613.6"
"55.516","4.3028","2617.5"
"55.536","4.3093","2621.3"
"55.556","4.3162","2625.1"
"55.576","4.3227","2628.6"
"55.596","4.3288","2631.0"
"55.616","4.3346","2634.3"
"55.636","4.3409","2638.1"
"55.656","4.3477","2641.9"
"55.676","4.3544","2645.9"
"55.696","4.3605","2648.4"
"55.716","4.3666","2651.9"
"55.736","4.3732","2656.2"
"55.756","4.3799","2659.3"
"55.776","4.3863","2662.8"
"55.796","4.3923","2665.7"
"55.816","4.3984","2669.0"
"55.836","4.4049","2673.0"
"55.856","4.4117","2676.5"
"55.876","4.4183","2680.2"
"55.896","4.4246","2683.6"
"55.916","4.4308","2686.6"
"55.936","4.4372","2691.0"
"55.956","4.4437","2694.1"
"55.976","4.4503","2697.4"
"55.996","4.4566","2701.4"
"56.016","4.4628","2704.0"
"56.036","4.4690","2707.5"
"56.056","4.4757","2712.0"
"56.076","4.4827","2716.0"
"56.096","4.4892","2719.1"
"56.116","4.4951","2721.8"
"56.136","4.5012","2725.4"
"56.156","4.5078","2729.6"
"56.176","4.5147","2733.3"
"56.196","4.5212","2736.5"
"56.216","4.5272","2739.5"
"56.236","4.5334","2742.9"
"56.256","4.5400","2747.0"
"56.276","4.5468","2750.7"
"56.296","4.5532","2753.9"
"56.316","4.5593","2757.3"
"56.336","4.5654","2760.2"
"56.356","4.5718","2764.2"
"56.376","4.5785","2768.5"
"56.396","4.5853","2771.8"
"56.416","4.5919","2775.7"
"56.436","4.5982","2779.3"
"56.456","4.6045","2782.0"
"56.476","4.6108","2786.0"
"56.496","4.6173","2789.4"
"56.516","4.6237","2793.1"
"56.536","4.6298","2796.0"
"56.556","4.6360","2799.3"
"56.576","4.6426","2804.2"
"56.596","4.6494","2806.9"
"56.616","4.6558","2810.1"
"56.636","4.6616","2813.5"
"56.656","4.6675","2816.2"
"56.676","4.6739","2820.6"
"56.696","4.6806","2824.0"
"56.716","4.6870","2827.6"
"56.736","4.6933","2831.5"
"56.756","4.6997","2834.4"
"56.776","4.7063","2838.9"
"56.796","4.7129","2842.1"
"56.816","4.7193","2845.0"
"56.836","4.7257","2849.5"
"56.856","4.7319","2852.1"
"56.876","4.7383","2855.8"
"56.896","4.7448","2860.6"
"56.916","4.7515","2863.2"
"56.936","4.7582","2867.7"
"56.956","4.7645","2870.7"
"56.976","4.7706","2873.3"
"56.996","4.7769","2878.0"
"57.016","4.7835","2880.8"
"57.036","4.7900","2884.8"
"57.056","4.7963","2888.4"
"57.076","4.8027","2891.6"
"57.096","4.8093","2896.3"
"57.116","4.8161","2899.3"
"57.136","4.8224","2902.6"
"57.156","4.8284","2906.0"
"57.176","4.8346","2908.5"
"57.196","4.8410","2913.0"
"57.216","4.8475","2916.7"
"57.236","4.8540","2920.0"
"57.256","4.8605","2924.1"
"57.276","4.8670","2927.6"
"57.296","4.8735","2931.4"
"57.316","4.8798","2934.9"
"57.336","4.8862","2938.3"
"57.356","4.8926","2941.8"
"57.376","4.8990","2945.1"
"57.396","4.9053","2949.1"
"57.416","4.9116","2952.3"
"57.436","4.9182","2956.3"
"57.456","4.9247","2960.0"
"57.476","4.9309","2963.0"
"57.496","4.9370","2966.6"
"57.516","4.9434","2970.0"
"57.536","4.9501","2974.1"
"57.556","4.9566","2977.6"
"57.576","4.9628","2980.9"
"57.596","4.9691","2984.9"
"57.616","4.9756","2988.2"
"57.636","4.9821","2992.0"
"57.656","4.9884","2995.4"
"57.676","4.9947","2998.7"
"57.696","5.0010","3002.6"
"57.716","5.0074","3005.8"
"57.736","5.0138","3009.7"
"57.756","5.0202","3013.7"
"57.776","5.0269","3017.0"
"57.796","5.0335","3021.3"
"57.816","5.0399","3024.4"
"57.836","5.0461","3027.7"
"57.856","5.0526","3032.0"
"57.876","5.0592","3035.0"
"57.896","5.0656","3039.2"
"57.916","5.0718","3042.6"
"57.936","5.0782","3045.5"
"57.956","5.0848","3050.2"
"57.976","5.0913","3052.9"
"57.996","5.0975","3056.3"
"58.016","5.1038","3060.2"
"58.036","5.1103","3064.0"
"58.056","5.1169","3067.5"
"58.076","5.1233","3071.0"
"58.096","5.1296","3074.8"
"58.116","5.1360","3078.2"
"58.136","5.1425","3081.9"
"58.156","5.1489","3085.3"
"58.176","5.1552","3089.0"
"58.196","5.1616","3092.5"
"58.216","5.1680","3096.0"
"58.236","5.1744","3099.9"
"58.256","5.1809","3103.3"
"58.276","5.1876","3107.2"
"58.296","5.1942","3111.5"
"58.316","5.2006","3114.2"
"58.336","5.2065","3117.2"
"58.356","5.2127","3121.4"
"58.376","5.2192","3124.5"
"58.396","5.2259","3128.7"
"58.416","5.2322","3132.1"
"58.436","5.2384","3135.3"
"58.456","5.2449","3139.9"
"58.476","5.2515","3142.9"
"58.496","5.2579","3146.5"
"58.516","5.2640","3149.6"
"58.536","5.2701","3152.5"
"58.556","5.2763","3156.7"
"58.576","5.2827","3160.1"
"58.596","5.2893","3164.2"
"58.616","5.2959","3168.1"
"58.636","5.3024","3171.3"
"58.656","5.3088","3175.2"
"58.676","5.3151","3178.5"
"58.696","5.3215","3182.1"
"58.716","5.3281","3186.2"
"58.736","5.3345","3189.4"
"58.756","5.3408","3192.6"
"58.776","5.3470","3196.2"
"58.796","5.3537","3200.4"
"58.816","5.3605","3204.6"
"58.836","5.3669","3207.5"
"58.856","5.3730","3211.2"
"58.876","5.3792","3214.8"
"58.896","5.3857","3218.2"
"58.916","5.3923","3222.6"
"58.936","5.3987","3225.4"
"58.956","5.4050","3229.4"
"58.976","5.4117","3233.7"
"58.996","5.4184","3237.1"
"59.016","5.4248","3240.8"
"59.036","5.4310","3243.7"
"59.056","5.4372","3247.1"
"59.076","5.4434","3250.8"
"59.096","5.4498","3254.3"
"59.116","5.4563","3258.3"
"59.136","5.4630","3262.4"
"59.156","5.4694","3265.7"
"59.176","5.4756","3269.1"
"59.196","5.4818","3272.5"
"59.216","5.4884","3276.7"
"59.236","5.4952","3280.6"
"59.256","5.5017","3283.6"
"59.276","5.5077","3287.1"
"59.296","5.5140","3290.8"
"59.316","5.5206","3294.9"
"59.336","5.5273","3298.4"
"59.356","5.5335","3301.4"
"59.376","5.5395","3304.8"
"59.396","5.5457","3307.8"
"59.416","5.5522","3312.1"
"59.436","5.5587","3316.3"
"59.456","5.5651","3319.1"
"59.476","5.5715","3323.0"
"59.496","5.5780","3327.0"
"59.516","5.5843","3329.8"
"59.536","5.5906","3334.1"
"59.556","5.5971","3337.6"
"59.576","5.6033","3340.9"
"59.596","5.6095","3344.3"
"59.616","5.6157","3347.7"
"59.636","5.6224","3352.2"
"59.656","5.6293","3356.3"
"59.676","5.6360","3360.1"
"59.696","5.6422","3363.3"
"59.716","5.6484","3366.8"
"59.736","5.6549","3370.5"
"59.756","5.6615","3374.2"
"59.776","5.6678","3377.7"
"59.796","5.6740","3380.7"
"59.816","5.6806","3385.7"
"59.836","5.6874","3389.2"
"59.856","5.6938","3392.2"
"59.876","5.6999","3396.3"
"59.896","5.7061","3398.8"
"59.916","5.7125","3403.5"
"59.936","5.7192","3407.1"
"59.956","5.7256","3409.9"
"59.976","5.7319","3414.7"
"59.996","5.7384","3417.9"
"60.016","5.7449","3421.5"
"60.036","5.7515","3425.8"
"60.056","5.7579","3428.4"
"60.076","5.7642","3432.5"
"60.096","5.7704","3435.8"
"60.116","5.7766","3438.9"
"60.136","5.7831","3443.9"
"60.156","5.7898","3447.1"
"60.176","5.7965","3451.2"
"60.196","5.8028","3454.8"
"60.216","5.8089","3457.0"
"60.236","5.8153","3461.8"
"60.256","5.8220","3465.8"
"60.276","5.8286","3469.0"
"60.296","5.8348","3472.7"
"60.316","5.8408","3475.4"
"60.336","5.8470","3479.5"
"60.356","5.8535","3483.2"
"60.376","5.8600","3486.7"
"60.396","5.8665","3490.6"
"60.416","5.8728","3493.7"
"60.436","5.8789","3497.4"
"60.456","5.8851","3501.1"
"60.476","5.8916","3504.8"
"60.496","5.8984","3509.2"
"60.516","5.9051","3512.8"
"60.536","5.9113","3516.0"
"60.556","5.9173","3519.2"
"60.576","5.9234","3522.7"
"60.596","5.9300","3526.7"
"60.616","5.9367","3530.8"
"60.636","5.9430","3534.2"
"60.656","5.9493","3537.8"
"60.676","5.9561","3542.4"
"60.696","5.9630","3545.9"
"60.716","5.9693","3549.4"
"60.736","5.9753","3552.4"
"60.756","5.9817","3556.5"
"60.776","5.9883","3560.4"
"60.796","5.9948","3563.9"
"60.816","6.0013","3567.9"
"60.836","6.0077","3571.8"
"60.856","6.0142","3575.0"
"60.876","6.0206","3578.8"
"60.896","6.0269","3582.1"
"60.916","6.0332","3585.3"
"60.936","6.0394","3589.0"
"60.956","6.0457","3592.7"
"60.976","6.0521","3596.2"
"60.996","6.0589","3600.6"
"61.016","6.0656","3604.7"
"61.036","6.0719","3607.8"
"61.056","6.0781","3611.1"
"61.076","6.0843","3614.8"
"61.096","6.0909","3618.9"
"61.116","6.0974","3622.3"
"61.136","6.1036","3625.1"
"61.156","6.1096","3629.0"
"61.176","6.1159","3632.4"
"61.196","6.1225","3635.9"
"61.216","6.1289","3640.2"
"61.236","6.1351","3643.0"
"61.256","6.1414","3646.5"
"61.276","6.1480","3650.9"
"61.296","6.1548","3654.4"
"61.316","6.1613","3658.2"
"61.336","6.1676","3661.7"
"61.356","6.1739","3664.8"
"61.376","6.1803","3668.8"
"61.396","6.1866","3671.9"
"61.416","6.1929","3675.5"
"61.436","6.1994","3679.7"
"61.456","6.2058","3682.9"
"61.476","6.2121","3686.3"
"61.496","6.2183","3690.0"
"61.516","6.2249","3693.8"
"61.536","6.2318","3697.8"
"61.556","6.2383","3701.2"
"61.576","6.2445","3704.2"
"61.596","6.2507","3708.0"
"61.616","6.2572","3711.4"
"61.636","6.2636","3714.9"
"61.656","6.2699","3718.5"
"61.676","6.2764","3722.1"
"61.696","6.2832","3725.9"
"61.716","6.2898","3729.5"
"61.736","6.2960","3732.8"
"61.756","6.3021","3735.3"
"61.776","6.3085","3739.4"
"61.796","6.3152","3743.1"
"61.816","6.3218","3745.6"
"61.836","6.3281","3748.9"
"61.856","6.3345","3751.5"
"61.876","6.3409","3754.6"
"61.896","6.3473","3757.7"
"61.916","6.3536","3760.4"
"61.936","6.3600","3763.8"
"61.956","6.3663","3766.9"
"61.976","6.3727","3769.9"
"61.996","6.3791","3773.7"
"62.016","6.3856","3776.4"
"62.036","6.3922","3779.7"
"62.056","6.3987","3782.0"
"62.076","6.4049","3784.0"
"62.096","6.4112","3787.2"
"62.116","6.4177","3789.1"
"62.136","6.4243","3792.2"
"62.156","6.4307","3794.1"
"62.176","6.4369","3795.5"
"62.196","6.4434","3798.1"
"62.216","6.4499","3799.4"
"62.236","6.4561","3800.7"
"62.256","6.4620","3800.8"
"62.276","6.4682","3799.7"
"62.296","6.4748","3797.5"
"62.316","6.4814","3789.8"
"62.336","6.4878","3775.5"
"62.356","6.4942","3730.5"
"62.376","6.5007","3636.5"
"62.383","6.5030","3463.8"
"62.386","6.5039","3267.5"
"62.388","6.5046","3103.3"
"62.390","6.5052","2920.7"
"62.392","6.5059","2725.8"
"62.394","6.5066","2523.0"
"62.396","6.5072","2316.3"
"62.398","6.5079","2109.9"
"62.400","6.5085","1906.5"
"62.402","6.5092","1708.5"
"62.404","6.5098","1517.9"
"62.406","6.5105","1336.4"
"62.408","6.5111","1165.0"
"62.410","6.5118","1004.4"
"62.411","6.5121","928.47"
